pdb_id	tool	rank	pred_x	pred_y	pred_z	conf_score	min_dist_A	succ_2A	succ_4A	succ_6A
1tmn	fpocket	1	35.926	43.394	-6.085	0.684000	4.702	0	0	1
1tmn	fpocket	2	26.598	39.734	11.139	0.213000	18.594	0	0	0
1tmn	fpocket	3	23.708	31.787	5.610	0.105000	18.169	0	0	0
1tmn	fpocket	4	40.233	62.001	-0.040	0.022000	23.378	0	0	0
1tmn	fpocket	5	31.903	55.688	9.049	0.020000	21.770	0	0	0
1tmn	p2rank	1	36.066	42.541	-5.585	0.929000	3.717	0	1	1
1tmn	p2rank	2	15.553	41.443	9.535	0.126000	25.623	0	0	0
1tmn	p2rank	3	15.277	43.623	15.743	0.023000	29.872	0	0	0
1tmn	p2rank	4	39.464	63.001	-1.443	0.009000	24.063	0	0	0
1tmn	puresnet	1	36.337	42.482	-3.567	1.000000	3.402	0	1	1
1tmn	consensus	1	36.110	42.806	-5.079	0.018608	3.801	0	1	1
1tmn	consensus	2	15.530	41.966	8.422	0.008977	25.114	0	0	0
1tmn	consensus	3	39.849	62.501	-0.741	0.008875	23.705	0	0	0
1tmn	consensus	4	15.277	43.623	15.743	0.007813	29.872	0	0	0
1tmn	consensus	5	26.598	39.734	11.139	0.001223	18.593	0	0	0
2tmn	fpocket	1	35.635	43.515	-6.466	0.791000	2.976	0	1	1
2tmn	fpocket	2	23.725	31.520	5.412	0.222000	19.212	0	0	0
2tmn	fpocket	3	40.368	62.218	-0.526	0.150000	20.640	0	0	0
2tmn	fpocket	4	37.023	51.538	12.096	0.023000	18.589	0	0	0
2tmn	fpocket	5	53.065	39.865	-9.165	0.004000	17.394	0	0	0
2tmn	p2rank	1	35.963	42.457	-5.270	0.894000	1.470	1	1	1
2tmn	p2rank	2	15.421	41.513	9.735	0.069000	25.266	0	0	0
2tmn	p2rank	3	15.180	43.502	15.625	0.023000	29.088	0	0	0
2tmn	p2rank	4	39.675	62.687	-2.169	0.005000	20.777	0	0	0
2tmn	puresnet	1	36.166	42.510	-3.610	1.000000	0.662	1	1	1
2tmn	consensus	1	35.921	42.827	-5.116	0.018608	1.471	1	1	1
2tmn	consensus	2	15.354	41.952	8.441	0.009006	24.637	0	0	0
2tmn	consensus	3	40.021	62.452	-1.348	0.008894	20.688	0	0	0
2tmn	consensus	4	15.180	43.502	15.625	0.007813	29.087	0	0	0
2tmn	consensus	5	23.725	31.520	5.412	0.001223	19.212	0	0	0
4tmn	fpocket	1	35.591	43.245	-6.153	0.676000	2.022	0	1	1
4tmn	fpocket	2	44.780	59.534	-21.012	0.103000	24.809	0	0	0
4tmn	fpocket	3	23.744	31.549	5.298	0.087000	19.510	0	0	0
4tmn	fpocket	4	40.394	62.258	-0.433	0.028000	22.429	0	0	0
4tmn	fpocket	5	37.064	51.863	12.096	0.012000	21.818	0	0	0
4tmn	p2rank	1	35.778	42.794	-5.875	0.916000	1.834	1	1	1
4tmn	p2rank	2	15.260	41.617	9.010	0.077000	25.591	0	0	0
4tmn	p2rank	3	15.177	43.467	15.552	0.024000	30.238	0	0	0
4tmn	p2rank	4	39.710	62.775	-2.033	0.006000	22.359	0	0	0
4tmn	p2rank	5	27.774	40.859	11.684	0.000000	20.110	0	0	0
4tmn	puresnet	1	35.932	42.487	-3.745	1.000000	3.473	0	1	1
4tmn	consensus	1	35.767	42.842	-5.257	0.018608	2.288	0	1	1
4tmn	consensus	2	15.313	41.939	8.066	0.008977	24.974	0	0	0
4tmn	consensus	3	40.052	62.517	-1.233	0.008875	22.376	0	0	0
4tmn	consensus	4	26.629	42.440	13.913	0.008597	22.621	0	0	0
4tmn	consensus	5	15.177	43.467	15.552	0.007813	30.238	0	0	0
5tmn	fpocket	1	35.549	43.845	-6.734	0.506000	3.393	0	1	1
5tmn	fpocket	2	37.241	51.841	12.224	0.068000	21.700	0	0	0
5tmn	fpocket	3	44.715	58.841	-21.203	0.061000	25.428	0	0	0
5tmn	fpocket	4	14.985	59.292	8.033	0.006000	31.258	0	0	0
5tmn	fpocket	5	32.191	54.728	10.286	0.006000	22.026	0	0	0
5tmn	p2rank	1	35.842	42.240	-5.625	0.897000	1.865	1	1	1
5tmn	p2rank	2	15.438	41.527	9.725	0.068000	25.639	0	0	0
5tmn	p2rank	3	15.186	43.496	15.627	0.020000	29.970	0	0	0
5tmn	p2rank	4	39.712	62.673	-2.148	0.004000	22.931	0	0	0
5tmn	puresnet	1	36.122	42.449	-3.489	1.000000	3.391	0	1	1
5tmn	consensus	1	35.838	42.845	-5.283	0.018608	2.541	0	1	1
5tmn	consensus	2	15.461	42.034	8.601	0.009022	24.965	0	0	0
5tmn	consensus	3	15.186	43.496	15.627	0.007813	29.971	0	0	0
5tmn	consensus	4	39.712	62.673	-2.148	0.007691	22.931	0	0	0
5tmn	consensus	5	37.241	51.841	12.224	0.001223	21.700	0	0	0
1hfc	fpocket	1	20.672	23.416	24.504	0.287000	4.683	0	0	1
1hfc	fpocket	2	20.042	30.238	10.989	0.015000	16.330	0	0	0
1hfc	fpocket	3	3.119	32.296	19.601	0.007000	24.696	0	0	0
1hfc	fpocket	4	18.406	21.484	12.730	0.001000	13.482	0	0	0
1hfc	fpocket	5	10.413	16.412	22.978	0.000000	16.028	0	0	0
1hfc	p2rank	1	21.032	23.337	25.672	0.793000	4.518	0	0	1
1hfc	p2rank	2	17.450	37.150	34.455	0.160000	19.539	0	0	0
1hfc	p2rank	3	17.133	31.654	10.884	0.089000	18.233	0	0	0
1hfc	puresnet	1	21.181	23.937	23.949	1.000000	4.361	0	0	1
1hfc	consensus	1	20.962	23.563	24.708	0.018608	4.452	0	0	1
1hfc	consensus	2	18.588	30.946	10.936	0.009035	17.232	0	0	0
1hfc	consensus	3	17.450	37.150	34.455	0.007939	19.539	0	0	0
1hfc	consensus	4	3.119	32.296	19.601	0.001203	24.696	0	0	0
1hfc	consensus	5	18.406	21.484	12.730	0.001184	13.482	0	0	0
1ida	fpocket	1	51.412	22.533	3.949	0.263000	0.691	1	1	1
1ida	fpocket	2	60.473	29.769	15.357	0.003000	16.353	0	0	0
1ida	fpocket	3	60.287	29.769	-8.398	0.003000	17.299	0	0	0
1ida	fpocket	4	54.536	44.225	-6.291	0.001000	24.244	0	0	0
1ida	fpocket	5	40.045	21.641	-9.573	0.001000	17.526	0	0	0
1ida	p2rank	1	51.485	22.902	3.380	0.887000	1.104	1	1	1
1ida	puresnet	1	51.463	23.617	3.386	1.000000	1.406	1	1	1
1ida	consensus	1	51.453	23.017	3.572	0.018608	0.974	1	1	1
1ida	consensus	2	60.473	29.769	15.357	0.001223	16.353	0	0	0
1ida	consensus	3	60.287	29.769	-8.398	0.001203	17.299	0	0	0
1ida	consensus	4	54.536	44.225	-6.291	0.001184	24.244	0	0	0
1ida	consensus	5	40.045	21.641	-9.573	0.001166	17.527	0	0	0
1mrk	fpocket	1	15.278	-4.493	38.154	0.543000	0.951	1	1	1
1mrk	fpocket	2	3.657	-17.579	42.367	0.351000	18.204	0	0	0
1mrk	fpocket	3	10.984	1.341	54.059	0.077000	17.582	0	0	0
1mrk	fpocket	4	10.367	-16.645	22.748	0.002000	20.423	0	0	0
1mrk	fpocket	5	-3.466	-5.091	47.177	0.001000	21.430	0	0	0
1mrk	p2rank	1	14.773	-5.866	38.204	0.473000	1.664	1	1	1
1mrk	p2rank	2	2.355	-19.340	41.200	0.315000	20.136	0	0	0
1mrk	p2rank	3	17.412	0.486	27.297	0.005000	12.433	0	0	0
1mrk	puresnet	1	15.297	-3.889	38.719	1.000000	1.310	1	1	1
1mrk	consensus	1	15.116	-4.749	38.359	0.018608	0.994	1	1	1
1mrk	consensus	2	3.006	-18.459	41.783	0.009161	19.153	0	0	0
1mrk	consensus	3	17.412	0.486	27.297	0.007813	12.432	0	0	0
1mrk	consensus	4	10.984	1.341	54.059	0.001203	17.582	0	0	0
1mrk	consensus	5	10.367	-16.645	22.748	0.001184	20.423	0	0	0
1kel	fpocket	1	-22.600	37.970	16.311	0.157000	2.397	0	1	1
1kel	fpocket	2	-20.407	3.400	12.504	0.019000	36.605	0	0	0
1kel	fpocket	3	-19.950	7.842	6.345	0.007000	33.774	0	0	0
1kel	fpocket	4	-6.428	3.364	1.347	0.004000	43.300	0	0	0
1kel	fpocket	5	12.091	-7.281	9.914	0.003000	59.616	0	0	0
1kel	p2rank	1	-23.590	38.831	17.019	0.696000	0.916	1	1	1
1kel	p2rank	2	9.892	-1.589	-2.668	0.190000	56.972	0	0	0
1kel	p2rank	3	9.429	5.728	7.302	0.170000	48.648	0	0	0
1kel	p2rank	4	-12.454	-6.256	-3.032	0.138000	51.432	0	0	0
1kel	p2rank	5	-18.738	7.776	7.706	0.011000	33.589	0	0	0
1kel	puresnet	1	-22.638	36.997	16.420	1.000000	3.052	0	1	1
1kel	consensus	1	-22.943	37.933	16.583	0.018608	2.105	0	1	1
1kel	consensus	2	9.256	-1.879	-2.835	0.009022	56.865	0	0	0
1kel	consensus	3	10.062	4.360	5.093	0.008880	50.528	0	0	0
1kel	consensus	4	-17.772	8.279	7.236	0.008775	33.425	0	0	0
1kel	consensus	5	-12.158	-6.831	-1.562	0.008701	51.452	0	0	0
1kim	fpocket	1	20.028	94.652	43.784	0.769000	0.755	1	1	1
1kim	fpocket	2	46.978	82.763	53.672	0.700000	0.748	1	1	1
1kim	fpocket	3	30.896	76.478	41.465	0.372000	21.702	0	0	0
1kim	fpocket	4	44.559	76.710	42.450	0.024000	13.562	0	0	0
1kim	fpocket	5	18.677	80.739	43.586	0.022000	14.430	0	0	0
1kim	p2rank	1	17.428	95.337	43.485	0.877000	2.791	0	1	1
1kim	p2rank	2	47.317	83.279	53.968	0.797000	0.150	1	1	1
1kim	p2rank	3	28.711	92.824	55.758	0.601000	14.456	0	0	0
1kim	p2rank	4	40.829	95.320	47.704	0.562000	14.896	0	0	0
1kim	p2rank	5	54.803	78.305	54.529	0.435000	9.134	0	0	0
1kim	puresnet	1	19.908	94.605	44.251	1.000000	0.519	1	1	1
1kim	puresnet	2	47.323	83.387	54.124	0.500000	0.208	1	1	1
1kim	consensus	1	19.121	94.864	43.840	0.018608	1.109	1	1	1
1kim	consensus	2	47.206	83.143	53.921	0.018308	0.271	1	1	1
1kim	consensus	3	29.586	92.626	55.207	0.008760	14.615	0	0	0
1kim	consensus	4	55.540	78.486	54.645	0.008625	9.666	0	0	0
1kim	consensus	5	40.305	95.052	47.839	0.008489	14.863	0	0	0
3ert	fpocket	1	31.050	-1.283	24.228	0.954000	1.500	1	1	1
3ert	fpocket	2	26.248	14.707	31.959	0.356000	18.287	0	0	0
3ert	fpocket	3	19.614	-0.011	23.884	0.007000	12.185	0	0	0
3ert	fpocket	4	30.226	-15.142	35.543	0.003000	16.862	0	0	0
3ert	fpocket	5	23.476	16.325	21.024	0.002000	20.187	0	0	0
3ert	p2rank	1	31.549	-0.786	25.540	0.880000	0.807	1	1	1
3ert	p2rank	2	19.036	1.091	24.718	0.211000	12.852	0	0	0
3ert	puresnet	1	30.243	-1.491	26.269	1.000000	1.494	1	1	1
3ert	consensus	1	30.947	-1.187	25.345	0.018608	0.788	1	1	1
3ert	consensus	2	19.325	0.540	24.301	0.009142	12.501	0	0	0
3ert	consensus	3	26.248	14.707	31.959	0.001223	18.287	0	0	0
3ert	consensus	4	30.226	-15.142	35.543	0.001184	16.862	0	0	0
3ert	consensus	5	23.476	16.325	21.024	0.001166	20.186	0	0	0
4dfr	fpocket	1	18.047	65.597	23.108	0.401000	3.924	0	1	1
4dfr	fpocket	2	19.461	67.131	46.717	0.069000	4.475	0	0	1
4dfr	fpocket	3	24.061	64.041	45.434	0.063000	7.852	0	0	0
4dfr	fpocket	4	10.640	79.267	53.958	0.013000	17.256	0	0	0
4dfr	fpocket	5	16.266	53.865	23.933	0.012000	9.462	0	0	0
4dfr	p2rank	1	17.960	56.365	25.165	0.963000	6.487	0	0	0
4dfr	p2rank	2	21.862	65.224	46.584	0.933000	6.292	0	0	0
4dfr	p2rank	3	27.004	52.747	40.676	0.015000	18.292	0	0	0
4dfr	puresnet	1	23.055	69.304	49.435	1.000000	8.192	0	0	0
4dfr	puresnet	2	20.535	61.301	22.914	0.500000	2.587	0	1	1
4dfr	consensus	1	22.109	66.425	47.042	0.018458	6.165	0	0	0
4dfr	consensus	2	19.291	63.449	23.011	0.010389	2.208	0	1	1
4dfr	consensus	3	17.113	55.115	24.549	0.009235	7.947	0	0	0
4dfr	consensus	4	27.004	52.747	40.676	0.007813	18.292	0	0	0
4dfr	consensus	5	10.640	79.267	53.958	0.001184	17.256	0	0	0
1a4q	fpocket	1	9.297	31.334	-43.956	0.381000	23.612	0	0	0
1a4q	fpocket	2	-26.523	53.808	-1.074	0.210000	24.422	0	0	0
1a4q	fpocket	3	31.246	21.714	-40.542	0.181000	16.835	0	0	0
1a4q	fpocket	4	-21.689	48.964	7.640	0.128000	23.336	0	0	0
1a4q	fpocket	5	38.233	41.390	-15.788	0.053000	17.979	0	0	0
1a4q	p2rank	1	-3.152	56.027	-8.672	0.793000	2.186	0	1	1
1a4q	p2rank	2	31.125	35.842	-31.383	0.742000	1.794	1	1	1
1a4q	p2rank	3	7.692	33.151	-7.186	0.668000	26.943	0	0	0
1a4q	p2rank	4	-7.517	36.196	0.532	0.613000	13.197	0	0	0
1a4q	p2rank	5	13.443	24.252	-24.258	0.519000	13.369	0	0	0
1a4q	puresnet	1	-4.098	55.752	-8.949	1.000000	1.959	1	1	1
1a4q	puresnet	2	30.749	35.523	-30.665	0.500000	2.538	0	1	1
1a4q	consensus	1	-2.754	55.298	-9.498	0.018313	2.504	0	1	1
1a4q	consensus	2	31.475	35.220	-32.108	0.017937	1.594	1	1	1
1a4q	consensus	3	-7.465	36.542	1.011	0.008758	13.363	0	0	0
1a4q	consensus	4	13.123	24.821	-24.715	0.008570	13.439	0	0	0
1a4q	consensus	5	7.327	33.257	-8.486	0.008549	26.314	0	0	0
1hvr	fpocket	1	-8.762	15.752	28.125	0.082000	0.491	1	1	1
1hvr	fpocket	2	0.017	32.813	36.536	0.008000	7.213	0	0	0
1hvr	fpocket	3	-19.996	12.739	27.578	0.002000	11.265	0	0	0
1hvr	fpocket	4	-4.300	7.961	42.555	0.001000	17.334	0	0	0
1hvr	fpocket	5	-25.761	14.286	10.726	0.001000	14.130	0	0	0
1hvr	p2rank	1	-9.517	16.088	28.275	0.873000	0.497	1	1	1
1hvr	puresnet	1	-9.725	16.349	27.979	1.000000	0.694	1	1	1
1hvr	consensus	1	-9.335	16.063	28.127	0.018608	0.279	1	1	1
1hvr	consensus	2	0.017	32.813	36.536	0.001223	7.213	0	0	0
1hvr	consensus	3	-19.996	12.739	27.578	0.001203	11.265	0	0	0
1hvr	consensus	4	-4.300	7.961	42.555	0.001184	17.334	0	0	0
1hvr	consensus	5	-25.761	14.286	10.726	0.001166	14.131	0	0	0
1hpv	fpocket	1	9.069	15.911	9.277	0.196000	1.016	1	1	1
1hpv	fpocket	2	25.227	14.648	26.240	0.002000	23.240	0	0	0
1hpv	fpocket	3	-1.897	30.174	3.206	0.001000	19.121	0	0	0
1hpv	fpocket	4	9.922	5.946	21.875	0.001000	16.616	0	0	0
1hpv	fpocket	5	29.194	18.920	19.507	0.001000	22.199	0	0	0
1hpv	p2rank	1	9.329	16.371	8.312	0.725000	0.795	1	1	1
1hpv	puresnet	1	9.234	16.610	9.105	1.000000	0.833	1	1	1
1hpv	consensus	1	9.211	16.297	8.898	0.018608	0.716	1	1	1
1hpv	consensus	2	25.227	14.648	26.240	0.001223	23.239	0	0	0
1hpv	consensus	3	-1.897	30.174	3.206	0.001203	19.121	0	0	0
1hpv	consensus	4	9.922	5.946	21.875	0.001184	16.616	0	0	0
1hpv	consensus	5	29.194	18.920	19.507	0.001166	22.199	0	0	0
1cbs	fpocket	1	18.027	25.347	25.104	0.830000	6.414	0	0	0
1cbs	fpocket	2	6.784	14.765	32.893	0.003000	22.957	0	0	0
1cbs	fpocket	3	21.227	28.159	17.254	0.003000	3.599	0	1	1
1cbs	fpocket	4	14.042	17.007	42.982	0.002000	25.865	0	0	0
1cbs	fpocket	5	17.333	25.591	42.013	0.002000	22.322	0	0	0
1cbs	p2rank	1	20.007	23.114	26.010	0.922000	6.922	0	0	0
1cbs	puresnet	1	21.805	26.234	20.791	1.000000	0.639	1	1	1
1cbs	consensus	1	19.946	24.898	23.969	0.018608	4.532	0	0	1
1cbs	consensus	2	6.784	14.765	32.893	0.001223	22.957	0	0	0
1cbs	consensus	3	21.227	28.159	17.254	0.001203	3.600	0	1	1
1cbs	consensus	4	14.042	17.007	42.982	0.001184	25.865	0	0	0
1cbs	consensus	5	17.333	25.591	42.013	0.001166	22.322	0	0	0
1cil	fpocket	1	-5.339	2.571	16.876	0.337000	2.753	0	1	1
1cil	fpocket	2	4.170	-8.128	18.663	0.155000	15.075	0	0	0
1cil	fpocket	3	-9.733	1.487	32.466	0.091000	18.841	0	0	0
1cil	fpocket	4	-16.734	-9.523	31.018	0.076000	24.462	0	0	0
1cil	fpocket	5	-3.146	-12.282	24.287	0.036000	18.693	0	0	0
1cil	p2rank	1	-4.741	2.362	14.083	0.934000	1.415	1	1	1
1cil	p2rank	2	4.694	-5.331	6.940	0.204000	14.813	0	0	0
1cil	puresnet	1	-4.837	1.773	16.742	1.000000	2.920	0	1	1
1cil	consensus	1	-4.972	2.235	15.900	0.018608	2.049	0	1	1
1cil	consensus	2	4.178	-6.053	6.912	0.009070	14.976	0	0	0
1cil	consensus	3	4.170	-8.128	18.663	0.001223	15.075	0	0	0
1cil	consensus	4	-9.733	1.487	32.466	0.001203	18.840	0	0	0
1cil	consensus	5	-16.734	-9.523	31.018	0.001184	24.462	0	0	0
1hsl	fpocket	1	-18.830	-19.175	31.104	0.581000	19.335	0	0	0
1hsl	fpocket	2	-18.556	-32.055	-2.266	0.465000	1.918	1	1	1
1hsl	fpocket	3	-3.222	-8.419	36.369	0.083000	1.656	1	1	1
1hsl	fpocket	4	-16.452	-25.349	17.424	0.013000	21.932	0	0	0
1hsl	fpocket	5	-6.720	1.344	39.450	0.012000	9.536	0	0	0
1hsl	p2rank	1	-15.124	-24.105	16.422	0.461000	21.764	0	0	0
1hsl	p2rank	2	-4.231	-7.537	37.425	0.362000	0.495	1	1	1
1hsl	p2rank	3	-19.686	-32.906	-3.174	0.297000	0.597	1	1	1
1hsl	p2rank	4	-19.305	-17.905	11.854	0.236000	21.071	0	0	0
1hsl	p2rank	5	-22.985	-32.858	15.512	0.041000	18.522	0	0	0
1hsl	puresnet	1	-18.728	-31.514	-2.351	1.000000	2.109	0	1	1
1hsl	puresnet	2	-2.782	-8.926	36.228	0.500000	2.314	0	1	1
1hsl	consensus	1	-18.990	-32.158	-2.597	0.018332	1.444	1	1	1
1hsl	consensus	2	-3.412	-8.294	36.674	0.018289	1.340	1	1	1
1hsl	consensus	3	-15.788	-24.727	16.923	0.009253	21.823	0	0	0
1hsl	consensus	4	-19.605	-18.023	13.056	0.008773	21.832	0	0	0
1hsl	consensus	5	-22.985	-32.858	15.512	0.007572	18.521	0	0	0
1lst	fpocket	1	21.389	57.570	47.410	0.569000	1.222	1	1	1
1lst	fpocket	2	32.893	64.014	39.352	0.152000	16.142	0	0	0
1lst	fpocket	3	21.908	54.139	33.832	0.012000	14.470	0	0	0
1lst	fpocket	4	15.942	73.656	34.621	0.002000	20.716	0	0	0
1lst	fpocket	5	12.182	57.195	51.500	0.002000	9.077	0	0	0
1lst	p2rank	1	20.895	57.907	47.210	0.156000	0.746	1	1	1
1lst	p2rank	2	32.703	53.220	43.100	0.059000	14.064	0	0	0
1lst	p2rank	3	14.339	57.702	53.561	0.042000	8.442	0	0	0
1lst	puresnet	1	20.705	58.241	47.755	1.000000	0.388	1	1	1
1lst	consensus	1	20.996	57.906	47.458	0.018608	0.725	1	1	1
1lst	consensus	2	13.260	57.449	52.531	0.008979	8.634	0	0	0
1lst	consensus	3	32.703	53.220	43.100	0.007939	14.064	0	0	0
1lst	consensus	4	32.893	64.014	39.352	0.001223	16.142	0	0	0
1lst	consensus	5	21.908	54.139	33.832	0.001203	14.470	0	0	0
1mts	fpocket	1	-0.259	9.618	30.343	0.288000	7.072	0	0	0
1mts	fpocket	2	7.478	20.667	22.129	0.083000	18.311	0	0	0
1mts	fpocket	3	-2.432	8.175	19.889	0.027000	5.624	0	0	1
1mts	fpocket	4	15.703	-5.068	16.870	0.000000	22.961	0	0	0
1mts	fpocket	5	5.172	-4.359	6.378	0.000000	22.649	0	0	0
1mts	p2rank	1	-2.296	7.394	19.932	0.095000	5.312	0	0	1
1mts	p2rank	2	7.110	21.491	22.457	0.035000	18.743	0	0	0
1mts	p2rank	3	2.179	0.678	19.293	0.032000	9.142	0	0	0
1mts	puresnet	1	-2.776	7.862	21.071	1.000000	4.412	0	0	1
1mts	consensus	1	-2.501	7.810	20.298	0.018569	5.098	0	0	1
1mts	consensus	2	7.294	21.079	22.293	0.009161	18.522	0	0	0
1mts	consensus	3	2.179	0.678	19.293	0.007813	9.142	0	0	0
1mts	consensus	4	-0.259	9.618	30.343	0.001243	7.073	0	0	0
1mts	consensus	5	15.703	-5.068	16.870	0.001184	22.961	0	0	0
1a28	fpocket	1	37.036	33.308	43.326	0.862000	0.513	1	1	1
1a28	fpocket	2	23.075	10.299	59.852	0.738000	0.434	1	1	1
1a28	fpocket	3	26.064	21.730	70.422	0.455000	15.675	0	0	0
1a28	fpocket	4	43.419	20.711	43.192	0.076000	14.345	0	0	0
1a28	fpocket	5	22.871	8.283	72.714	0.042000	12.661	0	0	0
1a28	p2rank	1	23.108	10.132	59.990	0.934000	0.385	1	1	1
1a28	p2rank	2	36.871	33.506	43.591	0.929000	0.724	1	1	1
1a28	p2rank	3	23.310	5.947	72.766	0.524000	13.291	0	0	0
1a28	p2rank	4	43.082	34.266	30.638	0.411000	13.739	0	0	0
1a28	p2rank	5	37.326	12.697	63.433	0.390000	15.041	0	0	0
1a28	puresnet	1	22.730	10.247	60.204	1.000000	0.111	1	1	1
1a28	puresnet	2	36.573	33.818	43.549	0.500000	0.820	1	1	1
1a28	consensus	1	22.971	10.226	60.015	0.018588	0.247	1	1	1
1a28	consensus	2	36.827	33.544	43.489	0.018328	0.627	1	1	1
1a28	consensus	3	23.090	7.115	72.740	0.008979	12.925	0	0	0
1a28	consensus	4	42.536	34.048	30.361	0.008822	13.742	0	0	0
1a28	consensus	5	37.765	12.137	61.586	0.008721	15.108	0	0	0
1abe	fpocket	1	20.892	59.658	62.269	0.624000	11.471	0	0	0
1abe	fpocket	2	20.253	45.441	44.130	0.125000	16.487	0	0	0
1abe	fpocket	3	27.943	42.164	63.937	0.104000	22.838	0	0	0
1abe	fpocket	4	29.214	55.605	56.609	0.016000	16.073	0	0	0
1abe	fpocket	5	2.789	66.300	37.092	0.011000	22.162	0	0	0
1abe	p2rank	1	14.052	56.832	53.803	0.475000	0.737	1	1	1
1abe	p2rank	2	27.015	45.210	63.306	0.028000	20.104	0	0	0
1abe	p2rank	3	2.382	57.300	50.652	0.005000	11.486	0	0	0
1abe	puresnet	1	13.974	56.080	53.465	1.000000	1.032	1	1	1
1abe	consensus	1	14.092	56.406	53.745	0.018497	0.844	1	1	1
1abe	consensus	2	27.479	43.687	63.621	0.009142	21.453	0	0	0
1abe	consensus	3	2.839	57.066	51.941	0.008896	10.716	0	0	0
1abe	consensus	4	20.892	59.658	62.269	0.001243	11.471	0	0	0
1abe	consensus	5	20.253	45.441	44.130	0.001223	16.486	0	0	0
1abf	fpocket	1	14.862	57.559	62.606	0.322000	8.895	0	0	0
1abf	fpocket	2	27.913	42.400	64.488	0.179000	22.873	0	0	0
1abf	fpocket	3	15.390	54.650	37.330	0.006000	16.741	0	0	0
1abf	fpocket	4	2.908	66.415	37.130	0.004000	21.997	0	0	0
1abf	fpocket	5	19.622	46.319	44.107	0.003000	15.463	0	0	0
1abf	p2rank	1	14.384	56.620	53.480	0.602000	1.012	1	1	1
1abf	p2rank	2	11.239	57.081	62.101	0.010000	8.504	0	0	0
1abf	p2rank	3	26.589	44.618	63.826	0.006000	20.373	0	0	0
1abf	p2rank	4	2.341	57.138	50.727	0.005000	11.511	0	0	0
1abf	puresnet	1	14.321	55.956	52.901	1.000000	1.481	1	1	1
1abf	consensus	1	14.407	56.220	53.243	0.018514	1.234	1	1	1
1abf	consensus	2	13.051	57.320	62.354	0.009181	8.504	0	0	0
1abf	consensus	3	27.251	43.509	64.157	0.009035	21.618	0	0	0
1abf	consensus	4	2.700	56.863	51.864	0.008758	10.887	0	0	0
1abf	consensus	5	15.390	54.650	37.330	0.001203	16.741	0	0	0
1aoe	fpocket	1	14.807	11.289	13.023	0.515000	21.737	0	0	0
1aoe	fpocket	2	9.582	35.139	19.358	0.091000	1.521	1	1	1
1aoe	fpocket	3	28.941	-5.640	10.793	0.083000	2.481	0	1	1
1aoe	fpocket	4	17.257	32.156	9.971	0.021000	0.554	1	1	1
1aoe	fpocket	5	15.713	-13.852	-1.098	0.014000	18.715	0	0	0
1aoe	p2rank	1	29.414	-6.300	7.632	0.966000	5.353	0	0	1
1aoe	p2rank	2	11.625	36.164	15.598	0.940000	3.641	0	1	1
1aoe	p2rank	3	15.462	12.656	14.197	0.235000	20.550	0	0	0
1aoe	p2rank	4	28.115	-0.199	19.071	0.061000	9.156	0	0	0
1aoe	p2rank	5	27.605	17.754	10.482	0.030000	18.231	0	0	0
1aoe	puresnet	1	10.183	35.869	17.879	1.000000	1.229	1	1	1
1aoe	puresnet	2	29.330	-2.177	2.398	0.500000	2.082	0	1	1
1aoe	consensus	1	10.463	35.724	17.612	0.018458	1.542	1	1	1
1aoe	consensus	2	29.178	-5.970	9.213	0.009272	3.840	0	1	1
1aoe	consensus	3	29.330	-2.177	2.398	0.009147	2.082	0	1	1
1aoe	consensus	4	14.587	10.367	13.095	0.009055	22.202	0	0	0
1aoe	consensus	5	28.060	16.105	10.366	0.008721	19.845	0	0	0
1apu	fpocket	1	24.388	7.093	19.089	0.406000	4.871	0	0	1
1apu	fpocket	2	13.370	5.358	17.353	0.222000	2.606	0	1	1
1apu	fpocket	3	21.079	21.402	28.561	0.113000	12.609	0	0	0
1apu	fpocket	4	23.977	13.189	24.385	0.039000	3.489	0	1	1
1apu	fpocket	5	15.312	9.679	26.149	0.012000	9.245	0	0	0
1apu	p2rank	1	23.626	9.977	21.683	0.813000	1.125	1	1	1
1apu	p2rank	2	31.008	26.596	18.545	0.056000	17.633	0	0	0
1apu	p2rank	3	14.936	7.428	20.733	0.042000	3.860	0	1	1
1apu	p2rank	4	20.165	21.310	27.982	0.002000	12.425	0	0	0
1apu	puresnet	1	23.582	10.561	21.680	1.000000	0.567	1	1	1
1apu	consensus	1	23.865	9.210	20.817	0.018608	2.124	0	1	1
1apu	consensus	2	30.450	26.450	18.612	0.009087	17.254	0	0	0
1apu	consensus	3	14.153	6.393	19.043	0.009035	2.511	0	1	1
1apu	consensus	4	20.622	21.356	28.272	0.008894	12.505	0	0	0
1apu	consensus	5	23.977	13.189	24.385	0.001184	3.489	0	1	1
1aqw	fpocket	1	29.683	-0.076	29.929	0.858000	17.872	0	0	0
1aqw	fpocket	2	48.427	20.685	49.438	0.032000	24.949	0	0	0
1aqw	fpocket	3	42.641	10.338	65.151	0.027000	15.567	0	0	0
1aqw	fpocket	4	59.554	-3.987	64.095	0.025000	8.656	0	0	0
1aqw	fpocket	5	2.957	-15.613	15.467	0.021000	24.576	0	0	0
1aqw	p2rank	1	48.604	2.597	49.880	0.784000	12.068	0	0	0
1aqw	p2rank	2	3.765	2.641	14.097	0.746000	11.138	0	0	0
1aqw	p2rank	3	58.637	-3.191	58.738	0.620000	7.178	0	0	0
1aqw	p2rank	4	38.751	-3.758	40.802	0.614000	6.840	0	0	0
1aqw	p2rank	5	-6.113	8.514	24.226	0.581000	6.813	0	0	0
1aqw	puresnet	1	-1.861	4.953	24.997	1.000000	2.631	0	1	1
1aqw	puresnet	2	9.728	6.249	4.134	0.500000	2.864	0	1	1
1aqw	puresnet	3	42.290	-1.024	39.314	0.333300	2.827	0	1	1
1aqw	puresnet	4	54.542	-0.281	60.084	0.250000	2.799	0	1	1
1aqw	consensus	1	57.578	-2.486	60.972	0.017858	5.684	0	0	1
1aqw	consensus	2	39.378	-2.242	41.382	0.017824	6.152	0	0	0
1aqw	consensus	3	12.619	8.223	3.571	0.017615	5.908	0	0	1
1aqw	consensus	4	-0.149	4.308	23.203	0.010078	3.549	0	1	1
1aqw	consensus	5	47.906	1.769	51.223	0.009066	10.848	0	0	0
1atl	fpocket	1	0.947	25.224	4.452	0.390000	2.678	0	1	1
1atl	fpocket	2	-1.881	25.398	43.729	0.144000	2.725	0	1	1
1atl	fpocket	3	3.573	40.997	27.363	0.014000	25.917	0	0	0
1atl	fpocket	4	-11.724	34.637	0.484	0.010000	17.606	0	0	0
1atl	fpocket	5	14.860	33.744	12.305	0.008000	18.768	0	0	0
1atl	p2rank	1	-3.708	25.917	44.902	0.610000	2.248	0	1	1
1atl	p2rank	2	3.164	26.112	3.186	0.543000	2.409	0	1	1
1atl	p2rank	3	-1.458	28.383	23.701	0.195000	22.041	0	0	0
1atl	p2rank	4	-16.115	33.559	37.705	0.010000	18.145	0	0	0
1atl	puresnet	1	-1.891	25.767	44.711	1.000000	2.356	0	1	1
1atl	puresnet	2	1.221	26.135	3.099	0.500000	2.415	0	1	1
1atl	consensus	1	-2.493	25.694	44.448	0.018588	2.227	0	1	1
1atl	consensus	2	1.777	25.823	3.579	0.018328	2.175	0	1	1
1atl	consensus	3	-1.104	28.535	23.765	0.008823	22.077	0	0	0
1atl	consensus	4	-15.982	33.247	36.857	0.008758	18.283	0	0	0
1atl	consensus	5	3.573	40.997	27.363	0.001203	25.918	0	0	0
1bma	fpocket	1	37.528	27.700	55.059	0.795000	18.962	0	0	0
1bma	fpocket	2	37.847	24.464	36.071	0.043000	4.345	0	0	1
1bma	fpocket	3	51.910	37.484	47.960	0.014000	24.367	0	0	0
1bma	fpocket	4	64.478	38.934	38.985	0.011000	32.360	0	0	0
1bma	fpocket	5	47.592	34.202	58.896	0.008000	27.160	0	0	0
1bma	p2rank	1	41.091	23.401	38.388	0.129000	4.395	0	0	1
1bma	p2rank	2	51.848	37.819	48.595	0.103000	24.843	0	0	0
1bma	p2rank	3	46.653	21.183	35.301	0.050000	8.983	0	0	0
1bma	p2rank	4	45.500	43.766	46.484	0.007000	26.120	0	0	0
1bma	p2rank	5	42.099	19.338	48.300	0.001000	11.535	0	0	0
1bma	puresnet	1	40.382	22.425	38.591	1.000000	3.298	0	1	1
1bma	consensus	1	39.774	23.430	37.684	0.018588	3.524	0	1	1
1bma	consensus	2	51.879	37.651	48.277	0.009142	24.603	0	0	0
1bma	consensus	3	47.607	20.653	34.668	0.008944	10.041	0	0	0
1bma	consensus	4	45.500	43.766	46.484	0.007691	26.120	0	0	0
1bma	consensus	5	42.099	19.338	48.300	0.007572	11.535	0	0	0
1byb	fpocket	1	-0.903	30.887	28.716	0.919000	3.095	0	1	1
1byb	fpocket	2	2.090	46.903	12.210	0.126000	18.956	0	0	0
1byb	fpocket	3	12.919	43.962	2.748	0.011000	25.170	0	0	0
1byb	fpocket	4	16.258	40.022	34.411	0.005000	17.184	0	0	0
1byb	fpocket	5	5.231	47.601	39.287	0.005000	18.374	0	0	0
1byb	p2rank	1	0.835	30.944	26.826	0.978000	2.949	0	1	1
1byb	p2rank	2	1.915	46.852	12.793	0.473000	18.543	0	0	0
1byb	p2rank	3	1.201	54.511	19.095	0.169000	22.835	0	0	0
1byb	p2rank	4	5.488	45.911	41.295	0.064000	18.309	0	0	0
1byb	p2rank	5	25.697	31.370	28.704	0.035000	24.114	0	0	0
1byb	puresnet	1	0.974	30.891	25.811	1.000000	2.117	0	1	1
1byb	consensus	1	0.302	30.908	27.118	0.018608	3.099	0	1	1
1byb	consensus	2	2.003	46.878	12.502	0.009161	18.748	0	0	0
1byb	consensus	3	1.806	54.360	19.048	0.008880	22.712	0	0	0
1byb	consensus	4	5.359	46.756	40.291	0.008857	18.294	0	0	0
1byb	consensus	5	25.975	30.123	29.470	0.008671	24.473	0	0	0
1c5c	fpocket	1	21.255	16.398	156.541	0.799000	1.621	1	1	1
1c5c	fpocket	2	25.809	22.823	130.284	0.011000	28.910	0	0	0
1c5c	fpocket	3	10.776	8.678	154.895	0.002000	13.052	0	0	0
1c5c	fpocket	4	40.548	44.114	113.877	0.002000	55.858	0	0	0
1c5c	fpocket	5	43.552	24.600	122.805	0.001000	42.476	0	0	0
1c5c	p2rank	1	21.874	16.225	156.300	0.851000	1.806	1	1	1
1c5c	p2rank	2	23.149	25.584	128.993	0.069000	30.664	0	0	0
1c5c	p2rank	3	40.258	47.328	114.065	0.062000	57.327	0	0	0
1c5c	p2rank	4	33.565	37.078	126.831	0.032000	39.704	0	0	0
1c5c	p2rank	5	47.955	39.026	135.183	0.016000	42.078	0	0	0
1c5c	puresnet	1	22.507	16.469	156.210	1.000000	2.213	0	1	1
1c5c	consensus	1	21.879	16.364	156.350	0.018608	1.818	1	1	1
1c5c	consensus	2	24.479	24.203	129.638	0.009161	29.731	0	0	0
1c5c	consensus	3	40.403	45.721	113.971	0.008997	56.574	0	0	0
1c5c	consensus	4	33.264	36.994	127.169	0.008729	39.303	0	0	0
1c5c	consensus	5	48.137	37.971	135.480	0.008464	41.454	0	0	0
1c5x	fpocket	1	4.110	-13.557	25.729	0.317000	15.835	0	0	0
1c5x	fpocket	2	28.207	8.544	-0.005	0.057000	15.534	0	0	0
1c5x	fpocket	3	32.783	7.386	7.284	0.035000	9.242	0	0	0
1c5x	fpocket	4	8.547	1.871	24.918	0.028000	0.488	1	1	1
1c5x	fpocket	5	20.137	5.295	33.293	0.008000	14.495	0	0	0
1c5x	p2rank	1	9.587	5.783	23.152	0.579000	3.613	0	1	1
1c5x	p2rank	2	-0.156	-11.301	14.242	0.143000	19.149	0	0	0
1c5x	p2rank	3	15.650	-1.266	2.139	0.093000	23.001	0	0	0
1c5x	p2rank	4	29.387	10.738	17.625	0.008000	7.605	0	0	0
1c5x	puresnet	1	9.493	2.035	24.594	1.000000	1.239	1	1	1
1c5x	consensus	1	9.209	3.230	24.221	0.018550	2.050	0	1	1
1c5x	consensus	2	0.777	-12.269	14.196	0.009053	19.448	0	0	0
1c5x	consensus	3	15.650	-1.266	2.139	0.007813	23.000	0	0	0
1c5x	consensus	4	29.387	10.738	17.625	0.007691	7.605	0	0	0
1c5x	consensus	5	4.110	-13.557	25.729	0.001243	15.835	0	0	0
1c83	fpocket	1	44.441	14.383	3.297	0.753000	0.833	1	1	1
1c83	fpocket	2	34.850	2.012	1.265	0.064000	15.566	0	0	0
1c83	fpocket	3	56.046	7.775	22.023	0.037000	23.381	0	0	0
1c83	fpocket	4	46.047	30.751	23.918	0.021000	27.149	0	0	0
1c83	fpocket	5	24.197	28.035	9.813	0.002000	25.837	0	0	0
1c83	p2rank	1	44.863	14.968	3.039	0.443000	1.069	1	1	1
1c83	p2rank	2	35.687	29.446	8.043	0.120000	18.663	0	0	0
1c83	p2rank	3	50.983	5.361	6.123	0.050000	11.292	0	0	0
1c83	p2rank	4	22.911	11.158	21.623	0.012000	29.052	0	0	0
1c83	p2rank	5	33.374	12.076	10.182	0.000000	13.749	0	0	0
1c83	puresnet	1	44.698	14.568	4.388	1.000000	1.889	1	1	1
1c83	consensus	1	44.668	14.640	3.575	0.018608	1.171	1	1	1
1c83	consensus	2	23.537	10.986	20.503	0.008773	27.871	0	0	0
1c83	consensus	3	35.687	29.446	8.043	0.007939	18.663	0	0	0
1c83	consensus	4	50.983	5.361	6.123	0.007813	11.293	0	0	0
1c83	consensus	5	33.374	12.076	10.182	0.007572	13.749	0	0	0
1cle	fpocket	1	3.974	-16.254	-8.108	0.993000	3.739	0	1	1
1cle	fpocket	2	-5.906	16.315	3.778	0.992000	3.955	0	1	1
1cle	fpocket	3	4.552	-14.189	-19.357	0.238000	14.241	0	0	0
1cle	fpocket	4	5.115	40.529	13.998	0.213000	17.777	0	0	0
1cle	fpocket	5	-18.806	-24.367	0.640	0.184000	24.568	0	0	0
1cle	p2rank	1	-10.024	15.669	2.103	0.981000	6.663	0	0	0
1cle	p2rank	2	4.333	-15.736	-11.059	0.970000	6.230	0	0	0
1cle	p2rank	3	0.915	8.647	10.270	0.327000	10.635	0	0	0
1cle	p2rank	4	16.139	17.996	10.064	0.132000	21.881	0	0	0
1cle	p2rank	5	4.210	-21.121	14.697	0.108000	21.144	0	0	0
1cle	puresnet	1	-11.087	16.171	2.743	1.000000	7.864	0	0	0
1cle	puresnet	2	4.057	-16.887	-9.129	0.500000	4.911	0	0	1
1cle	consensus	1	-9.005	16.052	2.875	0.018588	5.923	0	0	1
1cle	consensus	2	4.122	-16.292	-9.432	0.018328	4.888	0	0	1
1cle	consensus	3	3.649	9.875	12.731	0.008611	13.492	0	0	0
1cle	consensus	4	13.952	18.666	10.188	0.008593	20.129	0	0	0
1cle	consensus	5	4.249	-21.300	14.398	0.008354	20.925	0	0	0
1d0l	fpocket	1	5.672	23.899	32.011	0.159000	19.780	0	0	0
1d0l	fpocket	2	20.309	30.762	-5.885	0.093000	24.036	0	0	0
1d0l	fpocket	3	8.535	9.670	30.437	0.014000	23.005	0	0	0
1d0l	fpocket	4	20.409	26.733	5.835	0.012000	15.849	0	0	0
1d0l	fpocket	5	2.767	17.048	2.135	0.006000	12.524	0	0	0
1d0l	p2rank	1	7.078	23.802	11.950	0.577000	0.898	1	1	1
1d0l	p2rank	2	-5.917	19.755	25.039	0.079000	18.072	0	0	0
1d0l	p2rank	3	18.026	19.568	1.878	0.029000	16.179	0	0	0
1d0l	p2rank	4	10.903	9.499	27.354	0.014000	21.158	0	0	0
1d0l	puresnet	1	4.505	21.415	8.345	1.000000	4.786	0	0	1
1d0l	consensus	1	4.505	21.415	8.345	0.009297	4.786	0	0	1
1d0l	consensus	2	8.607	23.143	12.989	0.009028	2.495	0	1	1
1d0l	consensus	3	18.979	19.032	1.937	0.008911	16.983	0	0	0
1d0l	consensus	4	9.719	9.585	28.896	0.008894	22.015	0	0	0
1d0l	consensus	5	-5.917	19.755	25.039	0.007939	18.072	0	0	0
1d3h	fpocket	1	46.138	41.351	0.840	0.998000	4.638	0	0	1
1d3h	fpocket	2	54.739	26.337	9.801	0.008000	14.736	0	0	0
1d3h	fpocket	3	45.740	21.596	11.970	0.005000	12.882	0	0	0
1d3h	fpocket	4	45.211	54.719	-5.120	0.004000	13.253	0	0	0
1d3h	fpocket	5	42.832	24.996	-0.361	0.002000	9.728	0	0	0
1d3h	p2rank	1	46.731	40.711	1.320	0.995000	4.722	0	0	1
1d3h	p2rank	2	53.903	33.692	3.972	0.386000	11.420	0	0	0
1d3h	p2rank	3	52.038	45.138	26.140	0.042000	23.936	0	0	0
1d3h	puresnet	1	50.617	42.650	-1.533	1.000000	0.804	1	1	1
1d3h	consensus	1	47.829	41.571	0.209	0.018608	2.943	0	1	1
1d3h	consensus	2	54.160	34.697	3.550	0.009053	10.524	0	0	0
1d3h	consensus	3	53.334	43.954	25.385	0.008865	23.566	0	0	0
1d3h	consensus	4	54.739	26.337	9.801	0.001223	14.736	0	0	0
1d3h	consensus	5	45.740	21.596	11.970	0.001203	12.882	0	0	0
1d4p	fpocket	1	-22.887	-32.132	17.307	0.118000	6.351	0	0	0
1d4p	fpocket	2	-22.738	-15.949	-1.086	0.112000	1.298	1	1	1
1d4p	fpocket	3	-15.179	-32.660	27.351	0.039000	6.508	0	0	0
1d4p	fpocket	4	-34.353	-15.125	10.434	0.038000	17.664	0	0	0
1d4p	fpocket	5	-17.926	-10.693	3.020	0.011000	8.470	0	0	0
1d4p	p2rank	1	-19.788	-32.250	19.406	0.747000	3.275	0	1	1
1d4p	p2rank	2	-20.015	-19.946	36.204	0.075000	19.294	0	0	0
1d4p	p2rank	3	-33.721	-16.492	12.904	0.022000	19.079	0	0	0
1d4p	p2rank	4	-15.475	-7.940	18.029	0.015000	22.672	0	0	0
1d4p	puresnet	1	-21.108	-31.963	22.427	1.000000	2.285	0	1	1
1d4p	consensus	1	-21.261	-32.115	19.713	0.018608	3.567	0	1	1
1d4p	consensus	2	-20.722	-21.613	36.119	0.009070	18.143	0	0	0
1d4p	consensus	3	-34.037	-15.809	11.669	0.008997	18.328	0	0	0
1d4p	consensus	4	-15.475	-7.940	18.029	0.007691	22.672	0	0	0
1d4p	consensus	5	-22.738	-15.949	-1.086	0.001223	1.297	1	1	1
1ejn	fpocket	1	41.475	-5.649	30.463	0.231000	20.109	0	0	0
1ejn	fpocket	2	0.741	1.475	28.914	0.074000	27.404	0	0	0
1ejn	fpocket	3	29.976	6.350	28.225	0.049000	3.420	0	1	1
1ejn	fpocket	4	5.297	12.837	23.876	0.026000	22.840	0	0	0
1ejn	fpocket	5	39.211	10.035	37.840	0.019000	15.346	0	0	0
1ejn	p2rank	1	26.153	9.106	29.503	0.396000	1.725	1	1	1
1ejn	puresnet	1	24.608	10.623	32.632	1.000000	5.483	0	0	1
1ejn	consensus	1	26.913	8.693	30.120	0.018569	1.807	1	1	1
1ejn	consensus	2	41.475	-5.649	30.463	0.001243	20.109	0	0	0
1ejn	consensus	3	0.741	1.475	28.914	0.001223	27.404	0	0	0
1ejn	consensus	4	5.297	12.837	23.876	0.001184	22.839	0	0	0
1ejn	consensus	5	39.211	10.035	37.840	0.001166	15.346	0	0	0
1eta	fpocket	1	12.825	44.429	58.931	0.251000	8.912	0	0	0
1eta	fpocket	2	31.045	43.022	39.103	0.237000	9.796	0	0	0
1eta	fpocket	3	23.053	39.240	41.033	0.195000	6.097	0	0	0
1eta	fpocket	4	21.739	38.272	67.569	0.172000	6.881	0	0	0
1eta	fpocket	5	22.788	36.932	31.858	0.105000	6.910	0	0	0
1eta	p2rank	1	21.462	20.226	49.117	0.825000	25.774	0	0	0
1eta	p2rank	2	7.511	33.146	39.440	0.036000	17.357	0	0	0
1eta	puresnet	1	22.212	39.124	48.091	1.000000	12.561	0	0	0
1eta	consensus	1	22.212	39.124	48.091	0.009297	12.561	0	0	0
1eta	consensus	2	21.841	20.819	49.152	0.009016	25.282	0	0	0
1eta	consensus	3	6.663	32.178	40.097	0.008936	18.709	0	0	0
1eta	consensus	4	12.825	44.429	58.931	0.001243	8.912	0	0	0
1eta	consensus	5	31.045	43.022	39.103	0.001223	9.796	0	0	0
1f3d	fpocket	1	29.086	8.056	116.355	0.669000	21.826	0	0	0
1f3d	fpocket	2	29.558	0.641	98.537	0.433000	2.960	0	1	1
1f3d	fpocket	3	20.456	11.611	35.095	0.277000	2.981	0	1	1
1f3d	fpocket	4	32.882	7.853	40.239	0.089000	15.553	0	0	0
1f3d	fpocket	5	28.887	8.588	52.071	0.073000	21.628	0	0	0
1f3d	p2rank	1	30.977	1.815	92.944	0.932000	3.227	0	1	1
1f3d	p2rank	2	19.336	10.185	31.397	0.857000	1.263	1	1	1
1f3d	p2rank	3	20.028	-9.495	121.236	0.088000	29.354	0	0	0
1f3d	p2rank	4	37.038	9.757	72.791	0.034000	25.619	0	0	0
1f3d	p2rank	5	18.835	25.916	56.152	0.021000	28.285	0	0	0
1f3d	puresnet	1	20.083	10.497	33.994	1.000000	1.493	1	1	1
1f3d	puresnet	2	30.574	-0.209	96.838	0.500000	1.271	1	1	1
1f3d	consensus	1	19.958	10.765	33.495	0.018439	1.115	1	1	1
1f3d	consensus	2	30.370	0.749	96.106	0.018438	0.635	1	1	1
1f3d	consensus	3	21.633	-10.215	119.863	0.008961	27.867	0	0	0
1f3d	consensus	4	17.062	26.958	56.320	0.008640	29.109	0	0	0
1f3d	consensus	5	37.417	9.253	71.276	0.008542	26.917	0	0	0
1flr	fpocket	1	24.628	24.681	40.048	0.312000	1.967	1	1	1
1flr	fpocket	2	0.627	-14.937	4.214	0.016000	58.395	0	0	0
1flr	fpocket	3	2.381	2.910	25.382	0.009000	34.295	0	0	0
1flr	fpocket	4	-0.021	7.668	-0.971	0.003000	51.403	0	0	0
1flr	fpocket	5	11.111	-16.753	21.025	0.002000	46.790	0	0	0
1flr	p2rank	1	25.312	22.569	40.341	0.790000	0.888	1	1	1
1flr	p2rank	2	21.777	16.593	32.665	0.030000	11.167	0	0	0
1flr	p2rank	3	14.721	28.234	38.208	0.025000	12.051	0	0	0
1flr	puresnet	1	24.567	22.855	39.742	1.000000	1.493	1	1	1
1flr	consensus	1	24.836	23.368	40.043	0.018608	1.116	1	1	1
1flr	consensus	2	21.777	16.593	32.665	0.007939	11.167	0	0	0
1flr	consensus	3	14.721	28.234	38.208	0.007813	12.051	0	0	0
1flr	consensus	4	0.627	-14.937	4.214	0.001223	58.395	0	0	0
1flr	consensus	5	2.381	2.910	25.382	0.001203	34.295	0	0	0
1frp	fpocket	1	31.043	90.189	18.079	0.833000	23.785	0	0	0
1frp	fpocket	2	31.445	98.835	-8.947	0.509000	6.816	0	0	0
1frp	fpocket	3	32.011	93.167	48.924	0.104000	3.033	0	1	1
1frp	fpocket	4	26.661	119.767	27.736	0.013000	8.497	0	0	0
1frp	fpocket	5	40.297	118.628	11.627	0.010000	8.420	0	0	0
1frp	p2rank	1	42.078	110.869	13.702	0.870000	0.615	1	1	1
1frp	p2rank	2	22.998	112.136	25.408	0.853000	0.686	1	1	1
1frp	p2rank	3	34.457	128.968	19.255	0.407000	20.868	0	0	0
1frp	p2rank	4	30.196	91.868	49.843	0.385000	1.623	1	1	1
1frp	p2rank	5	32.036	91.727	-10.372	0.344000	1.889	1	1	1
1frp	puresnet	1	24.003	110.424	26.356	1.000000	1.872	1	1	1
1frp	puresnet	2	29.544	91.077	50.034	0.500000	2.116	0	1	1
1frp	puresnet	3	34.616	88.454	-11.808	0.333300	4.668	0	0	1
1frp	puresnet	4	40.946	109.468	12.866	0.250000	1.751	1	1	1
1frp	consensus	1	23.467	111.258	26.077	0.018350	0.893	1	1	1
1frp	consensus	2	30.584	92.038	49.601	0.018041	1.835	1	1	1
1frp	consensus	3	41.791	109.801	13.033	0.017832	0.925	1	1	1
1frp	consensus	4	31.953	88.986	-11.366	0.017445	3.902	0	1	1
1frp	consensus	5	35.331	128.576	17.865	0.008851	19.834	0	0	0
1glp	fpocket	1	49.605	0.493	10.701	0.605000	9.024	0	0	0
1glp	fpocket	2	56.638	27.630	-5.280	0.144000	14.169	0	0	0
1glp	fpocket	3	77.050	13.095	-0.595	0.077000	25.001	0	0	0
1glp	fpocket	4	39.797	18.357	-3.161	0.065000	24.430	0	0	0
1glp	fpocket	5	64.340	27.058	15.518	0.041000	9.189	0	0	0
1glp	p2rank	1	60.836	16.873	7.212	0.736000	12.280	0	0	0
1glp	p2rank	2	51.340	6.310	8.338	0.529000	6.231	0	0	0
1glp	p2rank	3	60.471	29.734	13.716	0.498000	5.478	0	0	1
1glp	p2rank	4	73.235	28.865	20.476	0.224000	18.921	0	0	0
1glp	p2rank	5	46.405	5.309	-4.032	0.206000	18.834	0	0	0
1glp	puresnet	1	56.641	5.799	9.518	1.000000	2.374	0	1	1
1glp	puresnet	2	60.285	29.495	8.246	0.500000	2.061	0	1	1
1glp	consensus	1	58.391	6.977	9.462	0.016229	3.147	0	1	1
1glp	consensus	2	60.285	29.495	8.246	0.009147	2.061	0	1	1
1glp	consensus	3	59.414	17.647	8.689	0.009066	11.212	0	0	0
1glp	consensus	4	51.068	7.184	6.373	0.009037	7.765	0	0	0
1glp	consensus	5	63.972	28.090	15.453	0.008979	8.762	0	0	0
1glq	fpocket	1	73.053	14.156	-3.411	0.625000	25.370	0	0	0
1glq	fpocket	2	49.648	0.503	10.659	0.102000	7.116	0	0	0
1glq	fpocket	3	57.240	27.583	-5.728	0.089000	16.182	0	0	0
1glq	fpocket	4	64.715	27.025	15.573	0.023000	8.736	0	0	0
1glq	fpocket	5	57.393	18.122	22.044	0.022000	16.677	0	0	0
1glq	p2rank	1	61.184	16.103	6.994	0.692000	13.524	0	0	0
1glq	p2rank	2	51.271	6.200	7.988	0.577000	5.397	0	0	1
1glq	p2rank	3	60.878	29.713	13.979	0.470000	4.447	0	0	1
1glq	p2rank	4	73.710	28.883	20.675	0.263000	18.438	0	0	0
1glq	p2rank	5	46.739	5.138	-4.486	0.238000	18.260	0	0	0
1glq	puresnet	1	56.568	5.217	10.517	1.000000	2.143	0	1	1
1glq	puresnet	2	60.478	29.409	9.038	0.500000	2.330	0	1	1
1glq	consensus	1	60.435	31.332	12.409	0.018058	3.105	0	1	1
1glq	consensus	2	56.568	5.217	10.517	0.009297	2.142	0	1	1
1glq	consensus	3	60.620	16.603	7.298	0.009028	13.581	0	0	0
1glq	consensus	4	51.156	7.079	6.193	0.009006	7.048	0	0	0
1glq	consensus	5	73.302	27.907	20.943	0.008743	18.357	0	0	0
1gpk	fpocket	1	3.762	67.887	63.572	0.587000	1.142	1	1	1
1gpk	fpocket	2	1.437	63.293	69.723	0.313000	7.984	0	0	0
1gpk	fpocket	3	-8.946	58.766	44.045	0.050000	23.995	0	0	0
1gpk	fpocket	4	22.044	78.475	46.000	0.043000	21.132	0	0	0
1gpk	fpocket	5	6.192	79.910	64.293	0.027000	10.088	0	0	0
1gpk	p2rank	1	2.178	65.194	66.636	0.970000	4.286	0	0	1
1gpk	p2rank	2	5.866	79.826	63.778	0.166000	10.377	0	0	0
1gpk	p2rank	3	21.046	68.106	70.199	0.094000	19.568	0	0	0
1gpk	p2rank	4	15.016	49.054	62.270	0.075000	22.075	0	0	0
1gpk	p2rank	5	-5.781	82.508	52.579	0.070000	13.418	0	0	0
1gpk	puresnet	1	5.343	66.976	63.522	1.000000	2.589	0	1	1
1gpk	consensus	1	3.761	66.686	64.577	0.018608	1.937	1	1	1
1gpk	consensus	2	6.029	79.868	64.035	0.009105	10.229	0	0	0
1gpk	consensus	3	20.633	68.003	70.754	0.008726	19.394	0	0	0
1gpk	consensus	4	15.149	50.372	60.300	0.008675	21.231	0	0	0
1gpk	consensus	5	23.348	54.333	54.842	0.008556	23.148	0	0	0
1gpn	fpocket	1	2.677	66.042	66.482	0.888000	3.461	0	1	1
1gpn	fpocket	2	-8.391	58.618	44.394	0.011000	23.957	0	0	0
1gpn	fpocket	3	6.358	80.123	64.415	0.007000	13.116	0	0	0
1gpn	fpocket	4	23.628	54.887	55.909	0.006000	24.256	0	0	0
1gpn	fpocket	5	-5.557	49.176	47.760	0.006000	25.584	0	0	0
1gpn	p2rank	1	2.445	66.017	66.128	0.971000	3.209	0	1	1
1gpn	p2rank	2	6.273	80.115	63.589	0.152000	13.048	0	0	0
1gpn	p2rank	3	-5.473	82.491	52.374	0.086000	13.949	0	0	0
1gpn	p2rank	4	15.043	49.123	62.284	0.079000	21.763	0	0	0
1gpn	p2rank	5	23.492	54.864	54.377	0.050000	22.797	0	0	0
1gpn	puresnet	1	5.510	66.973	63.404	1.000000	2.255	0	1	1
1gpn	consensus	1	3.544	66.344	65.338	0.018608	2.256	0	1	1
1gpn	consensus	2	6.316	80.119	64.002	0.009142	13.075	0	0	0
1gpn	consensus	3	-4.663	82.585	52.220	0.008823	14.718	0	0	0
1gpn	consensus	4	15.546	49.688	60.680	0.008822	21.712	0	0	0
1gpn	consensus	5	23.560	54.875	55.143	0.008757	23.525	0	0	0
1h22	fpocket	1	2.326	64.960	67.421	0.841000	1.664	1	1	1
1h22	fpocket	2	-5.080	44.703	67.876	0.004000	20.425	0	0	0
1h22	fpocket	3	6.500	80.456	64.017	0.004000	17.823	0	0	0
1h22	fpocket	4	-9.299	58.262	44.538	0.004000	27.197	0	0	0
1h22	fpocket	5	7.150	49.620	67.058	0.003000	14.836	0	0	0
1h22	p2rank	1	2.242	65.394	66.728	0.968000	2.452	0	1	1
1h22	p2rank	2	6.185	80.148	64.012	0.184000	17.465	0	0	0
1h22	p2rank	3	-6.064	82.427	53.033	0.137000	13.802	0	0	0
1h22	p2rank	4	15.045	49.379	62.316	0.108000	19.943	0	0	0
1h22	p2rank	5	4.815	49.649	65.984	0.065000	14.396	0	0	0
1h22	puresnet	1	3.203	66.118	65.467	1.000000	3.914	0	1	1
1h22	consensus	1	2.590	65.491	66.538	0.018608	2.639	0	1	1
1h22	consensus	2	6.343	80.302	64.014	0.009142	17.644	0	0	0
1h22	consensus	3	-5.325	82.447	52.539	0.008823	14.474	0	0	0
1h22	consensus	4	15.320	50.458	58.829	0.008743	20.733	0	0	0
1h22	consensus	5	5.983	49.635	66.521	0.008738	14.561	0	0	0
1h23	fpocket	1	2.738	65.101	67.893	0.861000	1.533	1	1	1
1h23	fpocket	2	-9.433	58.914	44.674	0.005000	27.242	0	0	0
1h23	fpocket	3	23.674	46.389	71.156	0.002000	27.450	0	0	0
1h23	fpocket	4	6.290	80.526	64.697	0.002000	17.609	0	0	0
1h23	fpocket	5	25.581	58.217	69.388	0.001000	23.677	0	0	0
1h23	p2rank	1	2.318	65.691	66.974	0.967000	2.555	0	1	1
1h23	p2rank	2	6.098	80.313	64.287	0.167000	17.464	0	0	0
1h23	p2rank	3	-5.917	82.716	53.167	0.129000	14.092	0	0	0
1h23	p2rank	4	14.923	49.122	62.632	0.088000	20.076	0	0	0
1h23	p2rank	5	4.788	49.902	66.211	0.069000	14.251	0	0	0
1h23	puresnet	1	3.743	66.245	65.970	1.000000	3.821	0	1	1
1h23	consensus	1	2.933	65.679	66.946	0.018608	2.576	0	1	1
1h23	consensus	2	6.194	80.420	64.492	0.009123	17.535	0	0	0
1h23	consensus	3	-5.069	82.838	52.727	0.008784	14.825	0	0	0
1h23	consensus	4	15.281	50.281	60.371	0.008729	20.291	0	0	0
1h23	consensus	5	5.212	49.998	66.902	0.008625	14.129	0	0	0
1hsb	fpocket	1	47.368	18.576	99.796	0.578000	2.223	0	1	1
1hsb	fpocket	2	53.395	40.620	88.562	0.462000	27.515	0	0	0
1hsb	fpocket	3	49.255	49.524	70.517	0.236000	44.485	0	0	0
1hsb	fpocket	4	44.552	31.672	93.142	0.196000	17.058	0	0	0
1hsb	fpocket	5	54.640	24.171	82.550	0.097000	20.539	0	0	0
1hsb	p2rank	1	51.628	37.860	85.806	0.926000	26.158	0	0	0
1hsb	p2rank	2	49.074	19.306	100.753	0.833000	3.416	0	1	1
1hsb	p2rank	3	49.424	50.609	70.497	0.205000	45.319	0	0	0
1hsb	p2rank	4	56.015	25.263	80.999	0.169000	22.776	0	0	0
1hsb	p2rank	5	61.294	17.672	91.574	0.046000	16.347	0	0	0
1hsb	puresnet	1	47.732	19.210	99.118	1.000000	3.022	0	1	1
1hsb	consensus	1	48.058	19.031	99.889	0.018478	2.737	0	1	1
1hsb	consensus	2	52.511	39.240	87.184	0.009291	26.760	0	0	0
1hsb	consensus	3	49.340	50.067	70.507	0.009016	44.900	0	0	0
1hsb	consensus	4	55.328	24.717	81.774	0.008857	21.655	0	0	0
1hsb	consensus	5	52.054	10.632	89.134	0.008540	13.244	0	0	0
1hyt	fpocket	1	35.287	43.998	-6.650	0.958000	4.468	0	0	1
1hyt	fpocket	2	45.091	59.387	-20.646	0.102000	25.991	0	0	0
1hyt	fpocket	3	39.942	61.698	-0.127	0.005000	19.931	0	0	0
1hyt	fpocket	4	25.956	44.074	16.324	0.005000	22.262	0	0	0
1hyt	fpocket	5	24.275	56.207	7.396	0.001000	21.548	0	0	0
1hyt	p2rank	1	35.812	42.737	-5.071	0.902000	2.497	0	1	1
1hyt	p2rank	2	15.305	41.106	9.069	0.055000	24.791	0	0	0
1hyt	p2rank	3	14.979	43.721	15.928	0.011000	29.011	0	0	0
1hyt	p2rank	4	39.609	62.493	-2.064	0.002000	20.492	0	0	0
1hyt	puresnet	1	36.465	42.502	-2.824	1.000000	0.605	1	1	1
1hyt	consensus	1	35.855	43.079	-4.848	0.018608	2.392	0	1	1
1hyt	consensus	2	15.309	41.588	8.134	0.009053	24.332	0	0	0
1hyt	consensus	3	39.775	62.095	-1.096	0.008894	20.185	0	0	0
1hyt	consensus	4	14.979	43.721	15.928	0.007813	29.011	0	0	0
1hyt	consensus	5	45.091	59.387	-20.646	0.001223	25.991	0	0	0
1lcp	fpocket	1	1.071	37.883	32.504	0.324000	23.835	0	0	0
1lcp	fpocket	2	-35.635	36.870	24.209	0.105000	10.378	0	0	0
1lcp	fpocket	3	7.315	30.212	17.405	0.019000	19.400	0	0	0
1lcp	fpocket	4	9.333	59.116	62.222	0.015000	20.772	0	0	0
1lcp	fpocket	5	33.675	39.453	40.153	0.014000	10.496	0	0	0
1lcp	p2rank	1	2.991	58.590	23.399	0.937000	3.359	0	1	1
1lcp	p2rank	2	-1.979	58.391	41.340	0.936000	3.537	0	1	1
1lcp	p2rank	3	0.974	36.975	32.512	0.907000	23.992	0	0	0
1lcp	p2rank	4	19.375	44.714	31.772	0.591000	5.358	0	0	1
1lcp	p2rank	5	-17.259	43.942	33.020	0.568000	5.726	0	0	1
1lcp	puresnet	1	0.008	59.175	46.015	1.000000	2.283	0	1	1
1lcp	puresnet	2	0.174	58.940	18.640	0.500000	2.995	0	1	1
1lcp	consensus	1	-1.864	58.161	42.824	0.018318	2.270	0	1	1
1lcp	consensus	2	0.174	58.940	18.640	0.009147	2.995	0	1	1
1lcp	consensus	3	3.879	57.899	23.683	0.009136	4.043	0	0	1
1lcp	consensus	4	1.022	37.429	32.508	0.009055	23.938	0	0	0
1lcp	consensus	5	18.938	46.226	31.139	0.008789	6.458	0	0	0
1lic	fpocket	1	-51.183	70.238	-10.222	0.672000	2.476	0	1	1
1lic	fpocket	2	-46.721	69.965	-1.519	0.104000	1.851	1	1	1
1lic	fpocket	3	-42.016	83.313	-12.314	0.001000	15.383	0	0	0
1lic	fpocket	4	-26.128	71.955	-8.866	0.001000	21.751	0	0	0
1lic	fpocket	5	-46.181	62.311	-16.728	0.000000	11.238	0	0	0
1lic	p2rank	1	-46.384	70.026	-7.581	0.962000	3.013	0	1	1
1lic	puresnet	1	-49.417	69.999	-8.009	1.000000	1.114	1	1	1
1lic	consensus	1	-48.995	70.088	-8.604	0.018608	0.451	1	1	1
1lic	consensus	2	-46.721	69.965	-1.519	0.001223	1.851	1	1	1
1lic	consensus	3	-42.016	83.313	-12.314	0.001203	15.383	0	0	0
1lic	consensus	4	-26.128	71.955	-8.866	0.001184	21.751	0	0	0
1lic	consensus	5	-46.181	62.311	-16.728	0.001166	11.237	0	0	0
1mld	fpocket	1	57.620	61.050	-10.928	0.722000	8.717	0	0	0
1mld	fpocket	2	40.616	67.126	-1.773	0.683000	17.800	0	0	0
1mld	fpocket	3	63.119	62.050	14.363	0.466000	8.717	0	0	0
1mld	fpocket	4	68.162	80.651	7.155	0.106000	16.258	0	0	0
1mld	fpocket	5	43.534	79.280	-8.014	0.071000	4.578	0	0	1
1mld	p2rank	1	43.020	77.472	-6.556	0.973000	6.807	0	0	0
1mld	p2rank	2	55.684	59.630	-10.400	0.948000	6.299	0	0	0
1mld	p2rank	3	56.995	83.626	13.738	0.947000	3.817	0	1	1
1mld	p2rank	4	70.687	61.389	12.936	0.840000	1.607	1	1	1
1mld	p2rank	5	58.901	62.947	12.836	0.832000	12.765	0	0	0
1mld	puresnet	1	43.005	77.720	-7.273	1.000000	6.096	0	0	0
1mld	puresnet	2	55.939	57.311	-10.858	0.500000	5.318	0	0	1
1mld	puresnet	3	64.510	60.343	13.558	0.333300	7.560	0	0	0
1mld	puresnet	4	59.658	84.219	10.320	0.250000	7.999	0	0	0
1mld	consensus	1	43.186	78.158	-7.281	0.018532	5.810	0	0	1
1mld	consensus	2	56.414	59.330	-10.729	0.018328	6.694	0	0	0
1mld	consensus	3	62.177	61.780	13.586	0.017777	9.563	0	0	0
1mld	consensus	4	58.804	83.516	11.200	0.017576	6.834	0	0	0
1mld	consensus	5	66.782	81.853	6.034	0.008531	15.827	0	0	0
1mmq	fpocket	1	47.035	-39.081	51.634	0.490000	5.976	0	0	1
1mmq	fpocket	2	58.499	-45.111	60.651	0.233000	18.453	0	0	0
1mmq	fpocket	3	46.723	-53.193	65.638	0.049000	25.014	0	0	0
1mmq	fpocket	4	45.999	-25.502	59.546	0.000000	17.958	0	0	0
1mmq	p2rank	1	46.971	-41.641	51.607	0.653000	7.162	0	0	0
1mmq	p2rank	2	58.843	-46.875	60.527	0.262000	19.335	0	0	0
1mmq	p2rank	3	42.900	-29.791	52.296	0.015000	11.604	0	0	0
1mmq	puresnet	1	48.595	-38.261	52.107	1.000000	5.757	0	0	1
1mmq	consensus	1	47.534	-39.661	51.783	0.018608	6.113	0	0	0
1mmq	consensus	2	58.671	-45.993	60.589	0.009161	18.877	0	0	0
1mmq	consensus	3	42.900	-29.791	52.296	0.007813	11.603	0	0	0
1mmq	consensus	4	46.723	-53.193	65.638	0.001203	25.014	0	0	0
1mmq	consensus	5	45.999	-25.502	59.546	0.001184	17.958	0	0	0
1mrg	fpocket	1	48.611	97.878	-4.537	0.568000	2.009	0	1	1
1mrg	fpocket	2	43.935	108.726	5.190	0.118000	16.261	0	0	0
1mrg	fpocket	3	32.233	107.306	-4.269	0.008000	19.697	0	0	0
1mrg	fpocket	4	57.622	103.923	-24.642	0.003000	20.896	0	0	0
1mrg	fpocket	5	42.290	110.107	-22.788	0.002000	21.692	0	0	0
1mrg	p2rank	1	47.828	97.391	-4.765	0.277000	2.588	0	1	1
1mrg	p2rank	2	56.511	111.687	-8.662	0.105000	15.020	0	0	0
1mrg	p2rank	3	62.125	102.774	-14.728	0.001000	15.686	0	0	0
1mrg	puresnet	1	49.555	97.560	-5.960	1.000000	0.989	1	1	1
1mrg	consensus	1	48.665	97.610	-5.087	0.018608	1.725	1	1	1
1mrg	consensus	2	55.751	111.763	-9.251	0.009070	14.878	0	0	0
1mrg	consensus	3	62.125	102.774	-14.728	0.007813	15.687	0	0	0
1mrg	consensus	4	43.935	108.726	5.190	0.001223	16.261	0	0	0
1mrg	consensus	5	32.233	107.306	-4.269	0.001203	19.696	0	0	0
1nco	fpocket	1	57.433	-1.999	10.631	0.824000	4.593	0	0	1
1nco	fpocket	2	31.216	6.082	7.040	0.517000	3.206	0	1	1
1nco	fpocket	3	63.848	-10.393	10.227	0.109000	6.244	0	0	0
1nco	fpocket	4	46.371	4.677	13.027	0.004000	14.483	0	0	0
1nco	fpocket	5	31.556	13.595	5.158	0.004000	10.163	0	0	0
1nco	p2rank	1	58.744	-4.066	8.986	0.875000	2.415	0	1	1
1nco	p2rank	2	33.672	5.741	7.731	0.714000	2.276	0	1	1
1nco	p2rank	3	46.592	1.524	11.386	0.057000	14.196	0	0	0
1nco	puresnet	1	33.939	4.951	6.883	1.000000	1.369	1	1	1
1nco	puresnet	2	58.751	-3.304	7.793	0.500000	3.683	0	1	1
1nco	consensus	1	58.309	-3.123	9.137	0.018458	3.321	0	1	1
1nco	consensus	2	32.942	5.591	7.218	0.018458	1.978	1	1	1
1nco	consensus	3	46.482	3.100	12.206	0.008997	14.229	0	0	0
1nco	consensus	4	63.848	-10.393	10.227	0.001203	6.244	0	0	0
1nco	consensus	5	31.556	13.595	5.158	0.001166	10.163	0	0	0
1nc1	fpocket	1	45.178	87.144	41.525	0.721000	1.262	1	1	1
1nc1	fpocket	2	55.664	71.577	20.771	0.612000	1.704	1	1	1
1nc1	fpocket	3	85.779	82.234	20.510	0.004000	31.021	0	0	0
1nc1	fpocket	4	68.000	67.231	14.913	0.003000	14.478	0	0	0
1nc1	fpocket	5	42.993	80.011	27.889	0.003000	15.504	0	0	0
1nc1	p2rank	1	43.952	79.909	28.110	0.886000	15.208	0	0	0
1nc1	p2rank	2	46.404	87.879	41.874	0.733000	1.987	1	1	1
1nc1	p2rank	3	56.986	70.933	21.925	0.709000	2.791	0	1	1
1nc1	p2rank	4	59.340	90.015	38.568	0.509000	14.646	0	0	0
1nc1	p2rank	5	61.680	68.920	33.325	0.254000	14.557	0	0	0
1nc1	puresnet	1	44.542	85.758	41.992	1.000000	1.144	1	1	1
1nc1	puresnet	2	55.797	72.837	20.288	0.500000	0.567	1	1	1
1nc1	consensus	1	45.374	86.927	41.797	0.018478	0.935	1	1	1
1nc1	consensus	2	56.149	71.782	20.995	0.018182	1.491	1	1	1
1nc1	consensus	3	43.473	79.960	27.999	0.009235	15.349	0	0	0
1nc1	consensus	4	59.340	90.015	38.568	0.007691	14.647	0	0	0
1nc1	consensus	5	61.680	68.920	33.325	0.007572	14.557	0	0	0
1nc3	fpocket	1	45.680	52.994	41.550	0.875000	1.660	1	1	1
1nc3	fpocket	2	57.284	37.485	20.811	0.640000	2.358	0	1	1
1nc3	fpocket	3	43.039	46.092	28.674	0.032000	14.569	0	0	0
1nc3	fpocket	4	71.833	36.235	11.506	0.003000	18.763	0	0	0
1nc3	fpocket	5	57.102	57.079	43.788	0.002000	13.240	0	0	0
1nc3	p2rank	1	43.724	45.451	28.094	0.846000	15.260	0	0	0
1nc3	p2rank	2	58.878	37.184	21.851	0.807000	3.944	0	1	1
1nc3	p2rank	3	46.902	53.926	42.005	0.717000	2.967	0	1	1
1nc3	p2rank	4	61.582	35.512	33.867	0.578000	14.912	0	0	0
1nc3	p2rank	5	59.319	56.023	38.407	0.437000	15.236	0	0	0
1nc3	puresnet	1	45.097	51.931	41.933	1.000000	0.494	1	1	1
1nc3	puresnet	2	55.055	39.461	20.122	0.500000	0.900	1	1	1
1nc3	consensus	1	45.893	52.950	41.829	0.018352	1.632	1	1	1
1nc3	consensus	2	57.072	38.043	20.928	0.018308	1.824	1	1	1
1nc3	consensus	3	43.382	45.772	28.384	0.009272	14.908	0	0	0
1nc3	consensus	4	62.837	35.074	32.762	0.008822	14.633	0	0	0
1nc3	consensus	5	58.210	56.551	41.098	0.008738	13.963	0	0	0
1nvq	fpocket	1	11.355	20.143	-3.533	0.799000	25.347	0	0	0
1nvq	fpocket	2	5.224	7.194	17.803	0.533000	1.205	1	1	1
1nvq	fpocket	3	-4.833	5.936	3.002	0.011000	17.035	0	0	0
1nvq	fpocket	4	15.179	11.990	26.404	0.004000	14.967	0	0	0
1nvq	fpocket	5	2.338	22.618	-9.214	0.003000	30.792	0	0	0
1nvq	p2rank	1	6.267	7.487	17.590	0.688000	1.742	1	1	1
1nvq	p2rank	2	-6.037	6.153	4.132	0.067000	16.889	0	0	0
1nvq	p2rank	3	14.996	13.185	28.699	0.022000	16.854	0	0	0
1nvq	p2rank	4	11.432	20.388	-2.581	0.012000	24.745	0	0	0
1nvq	p2rank	5	4.986	20.152	20.795	0.004000	14.243	0	0	0
1nvq	puresnet	1	5.191	7.696	17.877	1.000000	1.604	1	1	1
1nvq	consensus	1	5.561	7.459	17.757	0.018588	1.431	1	1	1
1nvq	consensus	2	-5.435	6.045	3.567	0.009142	16.942	0	0	0
1nvq	consensus	3	15.088	12.588	27.552	0.008997	15.886	0	0	0
1nvq	consensus	4	11.394	20.266	-3.057	0.008933	25.043	0	0	0
1nvq	consensus	5	4.986	20.152	20.795	0.007572	14.243	0	0	0
1o0h	fpocket	1	21.124	-7.133	28.603	0.303000	15.819	0	0	0
1o0h	fpocket	2	16.838	8.258	19.447	0.126000	20.380	0	0	0
1o0h	fpocket	3	21.738	4.514	27.555	0.092000	18.352	0	0	0
1o0h	fpocket	4	25.628	8.407	14.203	0.058000	12.056	0	0	0
1o0h	fpocket	5	29.144	13.244	18.820	0.022000	11.021	0	0	0
1o0h	p2rank	1	36.587	2.803	12.598	0.287000	5.490	0	0	1
1o0h	p2rank	2	22.978	4.957	28.146	0.275000	17.674	0	0	0
1o0h	p2rank	3	7.728	-5.201	32.651	0.151000	4.428	0	0	1
1o0h	p2rank	4	15.963	6.443	19.887	0.143000	21.141	0	0	0
1o0h	p2rank	5	7.942	-8.426	41.090	0.026000	6.151	0	0	0
1o0h	puresnet	1	9.835	-5.613	35.383	1.000000	4.422	0	0	1
1o0h	puresnet	2	34.419	-0.248	13.971	0.500000	7.182	0	0	0
1o0h	consensus	1	35.264	0.264	12.961	0.018254	7.079	0	0	0
1o0h	consensus	2	7.374	-3.715	33.193	0.018177	5.443	0	0	1
1o0h	consensus	3	22.358	4.736	27.851	0.009142	18.002	0	0	0
1o0h	consensus	4	16.400	7.351	19.667	0.008913	20.739	0	0	0
1o0h	consensus	5	7.668	-7.827	41.023	0.008671	6.104	0	0	0
1o3f	fpocket	1	33.437	-0.446	24.997	0.352000	11.896	0	0	0
1o3f	fpocket	2	52.335	-0.970	35.496	0.097000	9.755	0	0	0
1o3f	fpocket	3	40.618	5.235	11.879	0.016000	20.413	0	0	0
1o3f	fpocket	4	62.939	12.519	37.290	0.013000	24.458	0	0	0
1o3f	fpocket	5	44.324	-3.127	27.237	0.008000	4.303	0	0	1
1o3f	p2rank	1	44.098	-2.263	27.852	0.077000	3.373	0	1	1
1o3f	p2rank	2	40.881	6.376	13.065	0.031000	19.675	0	0	0
1o3f	puresnet	1	43.594	-2.225	27.193	1.000000	3.965	0	1	1
1o3f	consensus	1	44.005	-2.539	27.427	0.018532	3.854	0	1	1
1o3f	consensus	2	40.750	5.805	12.472	0.009142	20.030	0	0	0
1o3f	consensus	3	33.437	-0.446	24.997	0.001243	11.896	0	0	0
1o3f	consensus	4	52.335	-0.970	35.496	0.001223	9.755	0	0	0
1o3f	consensus	5	62.939	12.519	37.290	0.001184	24.458	0	0	0
1o5b	fpocket	1	21.477	8.451	27.272	0.217000	11.081	0	0	0
1o5b	fpocket	2	8.629	1.713	24.474	0.121000	0.783	1	1	1
1o5b	fpocket	3	4.179	-13.507	25.695	0.071000	15.946	0	0	0
1o5b	fpocket	4	32.774	7.266	7.308	0.034000	8.931	0	0	0
1o5b	fpocket	5	16.655	14.539	5.601	0.004000	18.480	0	0	0
1o5b	p2rank	1	9.594	4.593	23.258	0.563000	3.564	0	1	1
1o5b	p2rank	2	-0.298	-11.229	13.741	0.089000	19.559	0	0	0
1o5b	p2rank	3	15.352	-0.762	2.459	0.018000	22.391	0	0	0
1o5b	p2rank	4	29.600	10.365	17.792	0.005000	7.401	0	0	0
1o5b	puresnet	1	10.380	6.997	18.715	1.000000	4.214	0	0	1
1o5b	consensus	1	10.380	6.997	18.715	0.009297	4.213	0	0	1
1o5b	consensus	2	9.112	3.153	23.866	0.009291	1.995	1	1	1
1o5b	consensus	3	0.381	-12.300	14.860	0.009037	19.373	0	0	0
1o5b	consensus	4	15.352	-0.762	2.459	0.007813	22.391	0	0	0
1o5b	consensus	5	29.600	10.365	17.792	0.007691	7.401	0	0	0
1ppc	fpocket	1	10.997	-1.034	24.703	0.356000	14.795	0	0	0
1ppc	fpocket	2	-0.335	9.578	30.638	0.306000	8.243	0	0	0
1ppc	fpocket	3	6.419	21.451	22.616	0.086000	18.799	0	0	0
1ppc	fpocket	4	-3.483	7.740	19.735	0.006000	5.299	0	0	1
1ppc	fpocket	5	1.534	20.518	26.860	0.004000	16.282	0	0	0
1ppc	p2rank	1	-2.162	6.899	19.843	0.146000	4.730	0	0	1
1ppc	p2rank	2	5.678	21.832	23.575	0.081000	18.745	0	0	0
1ppc	p2rank	3	2.596	-0.246	18.947	0.027000	8.970	0	0	0
1ppc	puresnet	1	-1.925	7.757	19.779	1.000000	5.214	0	0	1
1ppc	consensus	1	-2.523	7.465	19.785	0.018550	5.025	0	0	1
1ppc	consensus	2	6.049	21.641	23.095	0.009142	18.761	0	0	0
1ppc	consensus	3	2.596	-0.246	18.947	0.007813	8.970	0	0	0
1ppc	consensus	4	10.997	-1.034	24.703	0.001243	14.795	0	0	0
1ppc	consensus	5	-0.335	9.578	30.638	0.001223	8.243	0	0	0
1pph	fpocket	1	-0.393	9.618	30.689	0.382000	9.426	0	0	0
1pph	fpocket	2	5.928	21.623	22.755	0.128000	18.916	0	0	0
1pph	fpocket	3	11.226	-1.061	24.997	0.016000	15.721	0	0	0
1pph	fpocket	4	-3.128	7.793	19.773	0.005000	4.205	0	0	1
1pph	fpocket	5	-7.683	21.190	27.472	0.002000	17.407	0	0	0
1pph	p2rank	1	-1.969	6.751	19.674	0.140000	3.867	0	1	1
1pph	p2rank	2	2.593	-0.389	19.689	0.053000	8.510	0	0	0
1pph	p2rank	3	5.952	21.758	23.276	0.036000	19.048	0	0	0
1pph	p2rank	4	0.017	-1.128	11.617	0.032000	13.251	0	0	0
1pph	p2rank	5	-6.222	9.742	5.809	0.002000	18.030	0	0	0
1pph	puresnet	1	-2.121	7.440	20.089	1.000000	3.867	0	1	1
1pph	consensus	1	-2.406	7.328	19.845	0.018550	3.922	0	1	1
1pph	consensus	2	5.940	21.691	23.016	0.009035	18.981	0	0	0
1pph	consensus	3	2.593	-0.389	19.689	0.007939	8.509	0	0	0
1pph	consensus	4	0.017	-1.128	11.617	0.007691	13.252	0	0	0
1pph	consensus	5	-6.222	9.742	5.809	0.007572	18.030	0	0	0
1qbr	fpocket	1	-9.659	16.028	27.155	0.110000	0.877	1	1	1
1qbr	fpocket	2	-9.932	5.513	14.086	0.014000	17.305	0	0	0
1qbr	fpocket	3	-26.100	14.916	10.932	0.008000	23.969	0	0	0
1qbr	fpocket	4	0.023	11.963	41.818	0.004000	17.164	0	0	0
1qbr	fpocket	5	-3.936	17.609	26.747	0.003000	5.630	0	0	1
1qbr	p2rank	1	-9.678	16.231	28.079	0.934000	0.609	1	1	1
1qbr	puresnet	1	-9.601	16.805	28.398	1.000000	1.097	1	1	1
1qbr	consensus	1	-8.218	16.668	27.595	0.018608	1.254	1	1	1
1qbr	consensus	2	-9.932	5.513	14.086	0.001223	17.305	0	0	0
1qbr	consensus	3	-26.100	14.916	10.932	0.001203	23.969	0	0	0
1qbr	consensus	4	0.023	11.963	41.818	0.001184	17.165	0	0	0
1qbr	consensus	5	-0.038	29.538	45.494	0.001148	24.062	0	0	0
1rnt	fpocket	1	14.403	32.897	20.331	0.167000	3.259	0	1	1
1rnt	fpocket	2	21.115	46.373	10.446	0.001000	17.148	0	0	0
1rnt	fpocket	3	16.738	44.022	2.373	0.000000	21.621	0	0	0
1rnt	p2rank	1	17.477	34.618	20.042	0.447000	1.614	1	1	1
1rnt	p2rank	2	20.217	47.472	13.868	0.022000	15.956	0	0	0
1rnt	puresnet	1	15.320	34.061	20.188	1.000000	2.419	0	1	1
1rnt	consensus	1	15.733	33.859	20.187	0.018608	2.043	0	1	1
1rnt	consensus	2	20.666	46.923	12.157	0.009161	16.459	0	0	0
1rnt	consensus	3	16.738	44.022	2.373	0.001203	21.621	0	0	0
1rob	fpocket	1	37.233	20.245	3.402	0.416000	9.056	0	0	0
1rob	fpocket	2	28.444	30.061	4.200	0.013000	16.605	0	0	0
1rob	fpocket	3	31.740	15.489	9.683	0.003000	2.188	0	1	1
1rob	fpocket	4	22.119	22.944	14.718	0.000000	14.869	0	0	0
1rob	fpocket	5	18.613	4.511	11.878	0.000000	17.125	0	0	0
1rob	p2rank	1	28.811	16.199	5.081	0.206000	4.725	0	0	1
1rob	p2rank	2	31.815	13.934	9.848	0.041000	2.010	0	1	1
1rob	p2rank	3	18.080	5.426	11.610	0.015000	16.994	0	0	0
1rob	puresnet	1	32.074	15.832	10.231	1.000000	2.805	0	1	1
1rob	consensus	1	31.110	15.363	8.711	0.018569	1.674	1	1	1
1rob	consensus	2	18.347	4.969	11.744	0.008979	17.050	0	0	0
1rob	consensus	3	37.233	20.245	3.402	0.001243	9.056	0	0	0
1rob	consensus	4	28.444	30.061	4.200	0.001223	16.605	0	0	0
1rob	consensus	5	22.119	22.944	14.718	0.001184	14.869	0	0	0
1slt	fpocket	1	11.978	41.836	26.243	0.473000	7.605	0	0	0
1slt	fpocket	2	-0.135	23.855	20.797	0.003000	2.529	0	1	1
1slt	fpocket	3	12.704	44.846	18.104	0.003000	9.478	0	0	0
1slt	fpocket	4	6.755	62.632	31.317	0.003000	2.273	0	1	1
1slt	fpocket	5	19.828	41.114	25.452	0.002000	2.756	0	1	1
1slt	p2rank	1	-0.750	25.485	22.441	0.265000	3.278	0	1	1
1slt	p2rank	2	11.886	42.058	25.925	0.187000	7.835	0	0	0
1slt	p2rank	3	7.525	63.061	29.200	0.163000	1.450	1	1	1
1slt	p2rank	4	4.450	57.737	28.534	0.011000	6.553	0	0	0
1slt	p2rank	5	12.730	44.931	18.559	0.003000	9.165	0	0	0
1slt	puresnet	1	0.705	23.259	22.027	1.000000	2.184	0	1	1
1slt	puresnet	2	7.892	63.352	30.448	0.500000	1.871	1	1	1
1slt	consensus	1	-0.060	24.200	21.755	0.018588	2.362	0	1	1
1slt	consensus	2	7.391	63.015	30.322	0.018144	1.588	1	1	1
1slt	consensus	3	11.932	41.947	26.084	0.009181	7.719	0	0	0
1slt	consensus	4	12.717	44.888	18.331	0.008775	9.320	0	0	0
1slt	consensus	5	4.450	57.737	28.534	0.007691	6.553	0	0	0
1snc	fpocket	1	5.117	16.882	21.757	0.280000	2.800	0	1	1
1snc	fpocket	2	14.824	32.734	10.812	0.002000	24.150	0	0	0
1snc	fpocket	3	9.625	22.633	3.310	0.002000	22.564	0	0	0
1snc	fpocket	4	8.844	28.711	4.532	0.001000	24.011	0	0	0
1snc	fpocket	5	-8.777	23.972	6.168	0.000000	23.757	0	0	0
1snc	p2rank	1	7.611	13.297	18.634	0.522000	6.674	0	0	0
1snc	p2rank	2	2.308	19.700	24.338	0.159000	4.719	0	0	1
1snc	puresnet	1	3.178	18.418	22.843	1.000000	3.403	0	1	1
1snc	consensus	1	5.302	16.199	21.078	0.018608	3.200	0	1	1
1snc	consensus	2	2.308	19.700	24.338	0.007939	4.718	0	0	1
1snc	consensus	3	14.824	32.734	10.812	0.001223	24.149	0	0	0
1snc	consensus	4	9.625	22.633	3.310	0.001203	22.564	0	0	0
1snc	consensus	5	8.844	28.711	4.532	0.001184	24.010	0	0	0
1srj	fpocket	1	19.679	5.588	13.211	0.762000	1.790	1	1	1
1srj	fpocket	2	32.211	13.203	-5.744	0.587000	1.655	1	1	1
1srj	fpocket	3	12.190	9.316	-5.036	0.011000	20.981	0	0	0
1srj	fpocket	4	36.496	2.697	8.665	0.002000	18.162	0	0	0
1srj	fpocket	5	5.154	12.641	-0.203	0.002000	22.215	0	0	0
1srj	p2rank	1	32.925	12.525	-6.415	0.872000	1.455	1	1	1
1srj	p2rank	2	18.944	4.425	13.133	0.871000	1.797	1	1	1
1srj	p2rank	3	36.039	2.253	8.995	0.081000	17.683	0	0	0
1srj	p2rank	4	16.183	6.696	-4.652	0.060000	18.017	0	0	0
1srj	puresnet	1	19.131	5.676	14.996	1.000000	1.004	1	1	1
1srj	puresnet	2	32.734	13.606	-6.339	0.500000	0.965	1	1	1
1srj	consensus	1	19.252	5.230	13.780	0.018478	1.149	1	1	1
1srj	consensus	2	32.623	13.111	-6.166	0.018438	1.245	1	1	1
1srj	consensus	3	36.267	2.475	8.830	0.008997	17.920	0	0	0
1srj	consensus	4	14.186	8.006	-4.844	0.008894	19.408	0	0	0
1srj	consensus	5	5.154	12.641	-0.203	0.001166	22.214	0	0	0
1tng	fpocket	1	19.117	10.213	12.588	0.253000	12.260	0	0	0
1tng	fpocket	2	29.443	14.767	17.071	0.004000	0.543	1	1	1
1tng	fpocket	3	35.564	16.694	33.543	0.002000	18.004	0	0	0
1tng	fpocket	4	25.671	17.030	2.374	0.001000	14.953	0	0	0
1tng	fpocket	5	18.549	14.489	37.369	0.000000	23.567	0	0	0
1tng	p2rank	1	28.701	14.291	18.093	0.233000	1.889	1	1	1
1tng	p2rank	2	28.173	11.877	24.355	0.032000	8.450	0	0	0
1tng	p2rank	3	18.380	26.051	12.190	0.019000	16.498	0	0	0
1tng	puresnet	1	29.349	14.942	17.173	1.000000	0.664	1	1	1
1tng	consensus	1	29.164	14.666	17.446	0.018588	1.020	1	1	1
1tng	consensus	2	27.641	12.169	25.242	0.009087	9.282	0	0	0
1tng	consensus	3	18.380	26.051	12.190	0.007813	16.498	0	0	0
1tng	consensus	4	19.117	10.213	12.588	0.001243	12.259	0	0	0
1tng	consensus	5	35.564	16.694	33.543	0.001203	18.004	0	0	0
1tnh	fpocket	1	18.899	10.141	12.721	0.315000	12.303	0	0	0
1tnh	fpocket	2	18.349	26.082	12.459	0.010000	16.568	0	0	0
1tnh	fpocket	3	29.496	14.661	16.798	0.004000	0.166	1	1	1
1tnh	fpocket	4	35.586	16.717	33.532	0.001000	17.984	0	0	0
1tnh	fpocket	5	25.725	15.410	2.666	0.001000	14.570	0	0	0
1tnh	p2rank	1	28.580	14.921	17.651	0.158000	1.432	1	1	1
1tnh	p2rank	2	17.945	25.931	11.973	0.025000	16.873	0	0	0
1tnh	puresnet	1	29.125	15.312	17.679	1.000000	1.266	1	1	1
1tnh	consensus	1	29.067	14.965	17.376	0.018569	0.920	1	1	1
1tnh	consensus	2	18.147	26.006	12.216	0.009161	16.717	0	0	0
1tnh	consensus	3	18.899	10.141	12.721	0.001243	12.303	0	0	0
1tnh	consensus	4	35.586	16.717	33.532	0.001184	17.984	0	0	0
1tnh	consensus	5	25.725	15.410	2.666	0.001166	14.570	0	0	0
1tni	fpocket	1	18.346	10.358	13.057	0.294000	12.425	0	0	0
1tni	fpocket	2	18.455	26.185	12.128	0.003000	17.340	0	0	0
1tni	fpocket	3	29.607	14.589	16.679	0.003000	1.484	1	1	1
1tni	fpocket	4	25.429	16.976	2.165	0.002000	14.512	0	0	0
1tni	fpocket	5	11.339	27.696	34.372	0.001000	29.984	0	0	0
1tni	p2rank	1	28.718	14.382	18.114	0.142000	2.963	0	1	1
1tni	p2rank	2	17.987	25.520	11.256	0.025000	17.388	0	0	0
1tni	puresnet	1	29.496	15.145	17.467	1.000000	2.444	0	1	1
1tni	consensus	1	29.274	14.705	17.420	0.018569	2.247	0	1	1
1tni	consensus	2	18.221	25.853	11.692	0.009161	17.354	0	0	0
1tni	consensus	3	18.346	10.358	13.057	0.001243	12.424	0	0	0
1tni	consensus	4	25.429	16.976	2.165	0.001184	14.512	0	0	0
1tni	consensus	5	11.339	27.696	34.372	0.001166	29.984	0	0	0
1tnl	fpocket	1	18.915	10.469	12.255	0.318000	12.053	0	0	0
1tnl	fpocket	2	18.245	26.500	11.044	0.010000	16.948	0	0	0
1tnl	fpocket	3	29.651	14.583	16.682	0.008000	0.719	1	1	1
1tnl	fpocket	4	17.531	33.548	15.975	0.001000	22.200	0	0	0
1tnl	fpocket	5	40.670	21.252	20.835	0.000000	13.751	0	0	0
1tnl	p2rank	1	28.870	14.326	18.166	0.133000	2.283	0	1	1
1tnl	p2rank	2	18.270	25.075	10.576	0.012000	16.135	0	0	0
1tnl	puresnet	1	29.388	15.421	17.089	1.000000	1.209	1	1	1
1tnl	consensus	1	29.303	14.777	17.312	0.018569	1.296	1	1	1
1tnl	consensus	2	18.257	25.788	10.810	0.009161	16.530	0	0	0
1tnl	consensus	3	18.915	10.469	12.255	0.001243	12.053	0	0	0
1tnl	consensus	4	17.531	33.548	15.975	0.001184	22.201	0	0	0
1tnl	consensus	5	40.670	21.252	20.835	0.001166	13.751	0	0	0
1tyl	fpocket	1	2.027	12.591	10.163	0.540000	14.372	0	0	0
1tyl	fpocket	2	-9.077	10.946	-7.601	0.001000	16.529	0	0	0
1tyl	p2rank	1	-3.596	10.668	-10.080	0.050000	19.481	0	0	0
1tyl	puresnet	1	-9.398	5.876	7.782	1.000000	2.053	0	1	1
1tyl	puresnet	2	-0.720	7.146	-9.908	0.500000	19.442	0	0	0
1tyl	consensus	1	-2.158	8.907	-9.994	0.017216	19.329	0	0	0
1tyl	consensus	2	-9.398	5.876	7.782	0.009297	2.053	0	1	1
1tyl	consensus	3	2.027	12.591	10.163	0.001243	14.371	0	0	0
1tyl	consensus	4	-9.077	10.946	-7.601	0.001223	16.529	0	0	0
1ukz	fpocket	1	15.458	32.810	10.738	0.859000	5.793	0	0	1
1ukz	fpocket	2	16.416	23.160	9.549	0.255000	9.856	0	0	0
1ukz	fpocket	3	0.882	11.618	17.317	0.039000	24.298	0	0	0
1ukz	fpocket	4	9.534	29.905	28.026	0.017000	13.652	0	0	0
1ukz	fpocket	5	12.004	33.259	-2.051	0.001000	4.919	0	0	1
1ukz	p2rank	1	15.283	32.124	11.662	0.954000	4.714	0	0	1
1ukz	puresnet	1	15.848	31.414	12.996	1.000000	3.171	0	1	1
1ukz	consensus	1	15.530	32.116	11.799	0.018608	4.550	0	0	1
1ukz	consensus	2	16.416	23.160	9.549	0.001223	9.855	0	0	0
1ukz	consensus	3	0.882	11.618	17.317	0.001203	24.299	0	0	0
1ukz	consensus	4	9.534	29.905	28.026	0.001184	13.652	0	0	0
1ukz	consensus	5	12.004	33.259	-2.051	0.001166	4.919	0	0	1
1xid	fpocket	1	41.478	32.088	57.134	0.776000	6.001	0	0	0
1xid	fpocket	2	27.158	33.859	51.385	0.694000	10.517	0	0	0
1xid	fpocket	3	24.407	43.619	46.136	0.248000	19.641	0	0	0
1xid	fpocket	4	18.135	24.676	45.808	0.075000	22.238	0	0	0
1xid	fpocket	5	36.375	52.852	66.262	0.022000	22.512	0	0	0
1xid	p2rank	1	37.071	30.401	57.183	0.965000	2.356	0	1	1
1xid	p2rank	2	36.042	57.915	70.226	0.233000	28.753	0	0	0
1xid	p2rank	3	27.690	34.651	50.160	0.223000	11.047	0	0	0
1xid	p2rank	4	31.337	50.466	56.196	0.159000	18.870	0	0	0
1xid	p2rank	5	49.938	34.327	58.385	0.040000	14.640	0	0	0
1xid	puresnet	1	35.097	33.529	57.675	1.000000	1.478	1	1	1
1xid	consensus	1	37.882	32.006	57.331	0.018608	2.403	0	1	1
1xid	consensus	2	26.251	33.112	51.688	0.009035	10.993	0	0	0
1xid	consensus	3	31.890	50.693	57.032	0.008650	18.937	0	0	0
1xid	consensus	4	36.042	57.915	70.226	0.007939	28.753	0	0	0
1xid	consensus	5	49.938	34.327	58.385	0.007572	14.639	0	0	0
1xie	fpocket	1	27.148	33.791	51.295	0.894000	9.615	0	0	0
1xie	fpocket	2	42.006	31.787	57.098	0.743000	7.576	0	0	0
1xie	fpocket	3	22.534	44.086	46.277	0.066000	20.081	0	0	0
1xie	fpocket	4	36.754	61.119	72.790	0.058000	32.729	0	0	0
1xie	fpocket	5	18.968	24.242	46.333	0.015000	20.672	0	0	0
1xie	p2rank	1	37.319	30.377	57.064	0.971000	3.486	0	1	1
1xie	p2rank	2	35.640	57.708	70.135	0.258000	28.421	0	0	0
1xie	p2rank	3	27.917	34.127	50.348	0.197000	9.763	0	0	0
1xie	p2rank	4	31.261	50.706	55.769	0.120000	18.712	0	0	0
1xie	p2rank	5	23.667	31.008	53.460	0.043000	11.554	0	0	0
1xie	puresnet	1	35.340	33.166	57.678	1.000000	1.248	1	1	1
1xie	consensus	1	38.222	31.777	57.280	0.018588	3.810	0	1	1
1xie	consensus	2	36.197	59.413	71.463	0.009123	30.569	0	0	0
1xie	consensus	3	26.244	32.975	51.701	0.009055	10.001	0	0	0
1xie	consensus	4	31.755	50.742	56.851	0.008638	18.607	0	0	0
1xie	consensus	5	50.260	34.471	58.343	0.007458	15.977	0	0	0
2ak3	fpocket	1	40.451	40.317	23.537	0.385000	6.918	0	0	0
2ak3	fpocket	2	6.310	39.048	66.315	0.103000	1.848	1	1	1
2ak3	fpocket	3	45.533	56.884	18.339	0.019000	21.826	0	0	0
2ak3	fpocket	4	47.058	38.707	26.474	0.019000	2.793	0	1	1
2ak3	fpocket	5	-2.719	39.260	67.192	0.009000	7.763	0	0	0
2ak3	p2rank	1	4.676	38.759	63.218	0.388000	3.837	0	1	1
2ak3	p2rank	2	36.030	34.243	15.956	0.223000	13.949	0	0	0
2ak3	p2rank	3	-2.095	33.414	56.769	0.219000	13.210	0	0	0
2ak3	p2rank	4	-3.216	45.429	57.285	0.196000	14.679	0	0	0
2ak3	p2rank	5	33.972	44.984	18.847	0.159000	16.103	0	0	0
2ak3	puresnet	1	4.888	38.257	64.085	1.000000	2.896	0	1	1
2ak3	puresnet	2	46.867	37.874	25.087	0.500000	2.053	0	1	1
2ak3	consensus	1	5.291	38.688	64.539	0.018588	2.551	0	1	1
2ak3	consensus	2	46.892	37.780	25.699	0.017677	1.867	1	1	1
2ak3	consensus	3	-4.439	44.822	57.446	0.008773	15.006	0	0	0
2ak3	consensus	4	41.194	40.296	21.492	0.008700	7.349	0	0	0
2ak3	consensus	5	33.522	44.751	19.087	0.008611	16.210	0	0	0
2cmd	fpocket	1	14.610	-10.664	2.725	0.550000	15.661	0	0	0
2cmd	fpocket	2	2.292	11.205	33.517	0.161000	25.678	0	0	0
2cmd	fpocket	3	7.408	-6.207	13.235	0.058000	2.268	0	1	1
2cmd	fpocket	4	31.017	-8.840	9.269	0.025000	25.889	0	0	0
2cmd	fpocket	5	-5.062	4.987	28.006	0.022000	20.371	0	0	0
2cmd	p2rank	1	6.646	-5.426	13.850	0.879000	1.491	1	1	1
2cmd	p2rank	2	11.574	-10.608	3.324	0.515000	13.668	0	0	0
2cmd	p2rank	3	12.347	-9.534	23.257	0.241000	11.069	0	0	0
2cmd	p2rank	4	4.221	-2.517	19.336	0.031000	5.947	0	0	1
2cmd	p2rank	5	5.133	0.632	32.969	0.024000	19.286	0	0	0
2cmd	puresnet	1	8.889	-8.122	8.536	1.000000	7.328	0	0	0
2cmd	consensus	1	7.648	-6.585	11.874	0.018569	3.546	0	1	1
2cmd	consensus	2	13.092	-10.636	3.024	0.009181	14.616	0	0	0
2cmd	consensus	3	11.747	-8.468	23.448	0.008927	10.595	0	0	0
2cmd	consensus	4	9.856	12.552	19.200	0.008606	19.576	0	0	0
2cmd	consensus	5	4.221	-2.517	19.336	0.007691	5.947	0	0	1
2ctc	fpocket	1	-2.967	30.232	-8.053	0.677000	2.542	0	1	1
2ctc	fpocket	2	-11.930	15.400	1.138	0.536000	20.875	0	0	0
2ctc	fpocket	3	-18.839	31.689	-22.127	0.461000	20.697	0	0	0
2ctc	fpocket	4	-14.267	7.118	3.447	0.064000	29.184	0	0	0
2ctc	fpocket	5	1.680	31.544	-6.247	0.028000	5.761	0	0	1
2ctc	p2rank	1	-1.673	29.863	-8.707	0.873000	1.648	1	1	1
2ctc	p2rank	2	-23.355	14.161	-2.252	0.017000	27.659	0	0	0
2ctc	puresnet	1	-2.154	28.712	-10.757	1.000000	1.108	1	1	1
2ctc	consensus	1	-1.279	30.088	-8.441	0.018608	2.036	0	1	1
2ctc	consensus	2	-23.355	14.161	-2.252	0.007939	27.659	0	0	0
2ctc	consensus	3	-11.930	15.400	1.138	0.001223	20.875	0	0	0
2ctc	consensus	4	-18.839	31.689	-22.127	0.001203	20.697	0	0	0
2ctc	consensus	5	-14.267	7.118	3.447	0.001184	29.185	0	0	0
2fox	fpocket	1	15.176	40.475	19.731	0.255000	28.561	0	0	0
2fox	fpocket	2	24.551	21.120	25.581	0.249000	13.904	0	0	0
2fox	fpocket	3	24.634	18.248	12.087	0.009000	4.394	0	0	1
2fox	fpocket	4	10.665	32.861	24.856	0.009000	27.015	0	0	0
2fox	fpocket	5	13.731	25.464	23.425	0.005000	20.105	0	0	0
2fox	p2rank	1	25.588	18.447	11.336	0.114000	4.090	0	0	1
2fox	p2rank	2	28.502	14.084	16.720	0.028000	3.954	0	1	1
2fox	puresnet	1	26.550	17.824	13.570	1.000000	2.546	0	1	1
2fox	consensus	1	25.591	18.173	12.331	0.018569	3.554	0	1	1
2fox	consensus	2	29.003	13.725	16.476	0.009087	3.999	0	1	1
2fox	consensus	3	15.176	40.475	19.731	0.001243	28.561	0	0	0
2fox	consensus	4	24.551	21.120	25.581	0.001223	13.904	0	0	0
2fox	consensus	5	10.665	32.861	24.856	0.001184	27.015	0	0	0
2gbp	fpocket	1	34.224	25.661	70.261	0.121000	21.472	0	0	0
2gbp	fpocket	2	29.378	17.568	34.363	0.067000	21.611	0	0	0
2gbp	fpocket	3	20.936	25.867	57.589	0.049000	18.922	0	0	0
2gbp	fpocket	4	37.176	31.359	50.104	0.044000	0.942	1	1	1
2gbp	fpocket	5	33.054	19.398	51.207	0.028000	12.128	0	0	0
2gbp	p2rank	1	37.894	30.951	49.798	0.575000	0.614	1	1	1
2gbp	p2rank	2	39.434	42.666	34.028	0.004000	19.812	0	0	0
2gbp	puresnet	1	38.111	30.600	49.928	1.000000	0.752	1	1	1
2gbp	consensus	1	37.727	30.970	49.943	0.018550	0.582	1	1	1
2gbp	consensus	2	39.434	42.666	34.028	0.007939	19.812	0	0	0
2gbp	consensus	3	34.224	25.661	70.261	0.001243	21.472	0	0	0
2gbp	consensus	4	29.378	17.568	34.363	0.001223	21.611	0	0	0
2gbp	consensus	5	20.936	25.867	57.589	0.001203	18.922	0	0	0
2h4n	fpocket	1	-4.988	0.971	14.119	0.245000	2.334	0	1	1
2h4n	fpocket	2	-10.022	-10.853	-1.857	0.127000	22.208	0	0	0
2h4n	fpocket	3	-9.338	-7.022	35.013	0.097000	22.980	0	0	0
2h4n	fpocket	4	-2.782	-12.666	22.777	0.083000	17.937	0	0	0
2h4n	fpocket	5	-17.450	-9.639	31.841	0.038000	24.454	0	0	0
2h4n	p2rank	1	-4.806	1.957	13.991	0.876000	1.586	1	1	1
2h4n	p2rank	2	5.083	-5.966	6.610	0.115000	16.176	0	0	0
2h4n	puresnet	1	-5.681	2.377	16.440	1.000000	1.850	1	1	1
2h4n	consensus	1	-5.158	1.769	14.850	0.018608	1.427	1	1	1
2h4n	consensus	2	4.875	-5.327	6.868	0.009037	15.554	0	0	0
2h4n	consensus	3	-10.022	-10.853	-1.857	0.001223	22.208	0	0	0
2h4n	consensus	4	-9.338	-7.022	35.013	0.001203	22.979	0	0	0
2h4n	consensus	5	-2.782	-12.666	22.777	0.001184	17.937	0	0	0
2qwk	fpocket	1	18.743	23.394	69.395	0.593000	11.539	0	0	0
2qwk	fpocket	2	0.924	16.211	71.354	0.014000	22.619	0	0	0
2qwk	fpocket	3	27.542	4.352	61.965	0.013000	13.381	0	0	0
2qwk	fpocket	4	26.876	17.498	60.930	0.007000	1.957	1	1	1
2qwk	fpocket	5	4.611	24.457	44.107	0.006000	21.472	0	0	0
2qwk	p2rank	1	24.717	17.608	63.390	0.849000	1.648	1	1	1
2qwk	p2rank	2	14.776	31.710	72.904	0.029000	20.784	0	0	0
2qwk	p2rank	3	16.313	40.845	61.975	0.001000	25.250	0	0	0
2qwk	puresnet	1	26.032	17.152	61.383	1.000000	1.493	1	1	1
2qwk	consensus	1	25.875	17.419	61.901	0.018550	0.977	1	1	1
2qwk	consensus	2	13.403	29.700	72.520	0.009070	20.130	0	0	0
2qwk	consensus	3	16.313	40.845	61.975	0.007813	25.250	0	0	0
2qwk	consensus	4	18.743	23.394	69.395	0.001243	11.539	0	0	0
2qwk	consensus	5	0.924	16.211	71.354	0.001223	22.619	0	0	0
3cla	fpocket	1	-3.011	18.760	25.944	0.941000	12.906	0	0	0
3cla	fpocket	2	4.768	5.266	12.457	0.399000	9.819	0	0	0
3cla	fpocket	3	13.010	15.106	10.517	0.003000	12.990	0	0	0
3cla	fpocket	4	19.265	5.658	27.584	0.002000	24.137	0	0	0
3cla	fpocket	5	6.213	29.510	31.645	0.002000	23.747	0	0	0
3cla	p2rank	1	6.415	4.876	12.507	0.142000	10.917	0	0	0
3cla	p2rank	2	-0.192	19.386	29.394	0.101000	15.823	0	0	0
3cla	p2rank	3	12.503	15.230	10.168	0.066000	12.640	0	0	0
3cla	p2rank	4	1.578	16.136	16.969	0.052000	3.359	0	1	1
3cla	p2rank	5	23.993	6.114	16.233	0.020000	24.618	0	0	0
3cla	puresnet	1	6.507	13.322	13.250	1.000000	5.970	0	0	1
3cla	consensus	1	6.507	13.322	13.250	0.009297	5.969	0	0	1
3cla	consensus	2	5.591	5.071	12.482	0.009291	10.348	0	0	0
3cla	consensus	3	-1.601	19.073	27.669	0.009181	14.262	0	0	0
3cla	consensus	4	12.756	15.168	10.343	0.009016	12.812	0	0	0
3cla	consensus	5	1.578	16.136	16.969	0.007691	3.359	0	1	1
5abp	fpocket	1	27.656	43.008	64.559	0.138000	22.125	0	0	0
5abp	fpocket	2	19.830	60.125	64.628	0.114000	12.740	0	0	0
5abp	fpocket	3	20.713	46.216	44.619	0.035000	15.455	0	0	0
5abp	fpocket	4	16.034	55.355	37.826	0.033000	16.117	0	0	0
5abp	fpocket	5	1.861	68.869	38.379	0.029000	23.009	0	0	0
5abp	p2rank	1	14.032	56.804	53.608	0.556000	0.241	1	1	1
5abp	puresnet	1	14.281	56.088	53.100	1.000000	0.947	1	1	1
5abp	consensus	1	14.131	56.405	53.579	0.018497	0.400	1	1	1
5abp	consensus	2	27.656	43.008	64.559	0.001243	22.125	0	0	0
5abp	consensus	3	19.830	60.125	64.628	0.001223	12.740	0	0	0
5abp	consensus	4	20.713	46.216	44.619	0.001203	15.455	0	0	0
5abp	consensus	5	16.034	55.355	37.826	0.001184	16.117	0	0	0
6rnt	fpocket	1	18.173	6.021	16.588	0.002000	18.357	0	0	0
6rnt	fpocket	2	21.531	3.937	9.226	0.000000	12.445	0	0	0
6rnt	p2rank	1	19.789	14.408	0.942	0.335000	3.628	0	1	1
6rnt	p2rank	2	20.406	2.696	5.930	0.090000	11.071	0	0	0
6rnt	p2rank	3	19.971	23.409	9.898	0.007000	15.886	0	0	0
6rnt	puresnet	1	17.032	15.338	1.037	1.000000	6.032	0	0	0
6rnt	consensus	1	18.410	14.873	0.989	0.017366	4.759	0	0	1
6rnt	consensus	2	20.969	3.317	7.578	0.009161	11.632	0	0	0
6rnt	consensus	3	19.971	23.409	9.898	0.007813	15.887	0	0	0
6rnt	consensus	4	18.173	6.021	16.588	0.001243	18.357	0	0	0
7tim	fpocket	1	87.404	52.270	53.856	0.549000	11.075	0	0	0
7tim	fpocket	2	101.353	52.765	51.626	0.536000	13.796	0	0	0
7tim	fpocket	3	47.745	53.550	41.198	0.415000	18.677	0	0	0
7tim	fpocket	4	59.616	52.266	47.626	0.185000	12.645	0	0	0
7tim	fpocket	5	44.341	52.119	48.136	0.088000	15.901	0	0	0
7tim	p2rank	1	92.630	42.531	45.642	0.901000	3.569	0	1	1
7tim	p2rank	2	54.748	41.345	57.111	0.899000	3.330	0	1	1
7tim	p2rank	3	73.251	47.264	52.764	0.847000	18.674	0	0	0
7tim	p2rank	4	59.051	54.330	48.696	0.079000	13.742	0	0	0
7tim	p2rank	5	87.224	55.178	54.404	0.069000	13.805	0	0	0
7tim	puresnet	1	54.445	42.087	53.779	1.000000	0.895	1	1	1
7tim	puresnet	2	92.588	43.660	49.131	0.500000	0.989	1	1	1
7tim	consensus	1	54.025	41.625	55.600	0.018303	2.178	0	1	1
7tim	consensus	2	93.364	42.854	47.179	0.018298	2.515	0	1	1
7tim	consensus	3	59.334	53.298	48.161	0.008875	13.151	0	0	0
7tim	consensus	4	87.314	53.724	54.130	0.008815	12.427	0	0	0
7tim	consensus	5	73.363	49.290	53.863	0.008797	19.391	0	0	0
